control_point_id,effect_date,actual_start_head
1,2030-02-04T00:00,-3.4577217112655965
1,2030-02-11T00:00,-3.8469722863552316
1,2030-02-18T00:00,-4.196371533302421
1,2030-02-25T00:00,-4.409508847452912
1,2030-03-04T00:00,-5.0189796017797335
1,2030-03-11T00:00,-5.159726010278064
1,2030-03-18T00:00,-5.003589135858306
1,2030-03-25T00:00,-5.158058489546988
1,2030-04-01T00:00,-4.944548492600006
1,2030-04-08T00:00,-5.068596979828612
1,2030-04-15T00:00,-5.046331911521747
1,2030-04-22T00:00,-4.949810005038444
1,2030-04-29T00:00,-5.138381819436631
1,2030-05-06T00:00,-5.44426532451007
1,2030-05-13T00:00,-5.441352143334598
1,2030-05-20T00:00,-5.5848731386818145
1,2030-05-27T00:00,-5.478896175782893
1,2030-06-03T00:00,-5.574594868429017
1,2030-06-10T00:00,-5.518336160954732
1,2030-06-17T00:00,-5.629758473028801
1,2030-06-24T00:00,-5.556786672856447
1,2030-07-01T00:00,-5.628370649509293
1,2030-07-08T00:00,-5.474779759055309
1,2030-07-15T00:00,-5.463047886818117
1,2030-07-22T00:00,-5.526599012418274
1,2030-07-29T00:00,-5.698832025497495
1,2030-08-05T00:00,-5.546643131902101
1,2030-08-12T00:00,-5.506221642100854
1,2030-08-19T00:00,-5.570796385554331
1,2030-08-26T00:00,-5.510179271917536
1,2030-09-02T00:00,-5.585028036217523
1,2030-09-09T00:00,-5.706830812561634
1,2030-09-16T00:00,-5.376847043177577
1,2030-09-23T00:00,-5.195389457048691
1,2030-09-30T00:00,-4.97533717040028
1,2030-10-07T00:00,-4.715895973434726
1,2030-10-14T00:00,-4.875408295734928
1,2030-10-21T00:00,-4.8975704657752885
1,2030-10-28T00:00,-4.8320736289898605
1,2030-11-04T00:00,-4.714774658795022
1,2030-11-11T00:00,-4.893677027007016
1,2030-11-18T00:00,-4.74658081209418
1,2030-11-25T00:00,-4.857963124864682
1,2030-12-02T00:00,-4.965464295376705
1,2030-12-09T00:00,-4.867197635983416
1,2030-12-16T00:00,-4.9327429410332115
1,2030-12-23T00:00,-4.918925971677368
1,2030-12-30T00:00,-4.965037589434019
1,2031-01-06T00:00,-4.940579653388909
1,2031-01-13T00:00,-5.30296839943037
1,2031-01-20T00:00,-5.317421978340462
1,2031-01-27T00:00,-5.345668465868016
1,2031-02-03T00:00,-5.2616668958776245
1,2031-02-10T00:00,-5.000765671207091
1,2031-02-17T00:00,-5.041384039298009
1,2031-02-24T00:00,-4.939013286094109
1,2031-03-03T00:00,-4.931188537244566
1,2031-03-10T00:00,-4.742977224735796
1,2031-03-17T00:00,-4.751945318869957
1,2031-03-24T00:00,-4.7539129839657335
1,2031-03-31T00:00,-4.686755787901234
1,2031-04-07T00:00,-4.740487295874118
1,2031-04-14T00:00,-4.640503697363442
1,2031-04-21T00:00,-4.740504240706173
1,2031-04-28T00:00,-4.861127880252866
1,2031-05-05T00:00,-5.05215498731809
1,2031-05-12T00:00,-4.977243927879272
1,2031-05-19T00:00,-5.026870648121303
1,2031-05-26T00:00,-4.9635510209431
1,2031-06-02T00:00,-5.084041118060895
1,2031-06-09T00:00,-5.39855396150142
1,2031-06-16T00:00,-5.156884771350519
1,2031-06-23T00:00,-5.161883183995997
1,2031-06-30T00:00,-5.208293968785142
2,2030-02-04T00:00,-3.8331051146576716
2,2030-02-11T00:00,-4.386994744423456
2,2030-02-18T00:00,-4.748911457626453
2,2030-02-25T00:00,-4.851086637767821
2,2030-03-04T00:00,-5.444982418939048
2,2030-03-11T00:00,-5.44214021675964
2,2030-03-18T00:00,-5.449357122917036
2,2030-03-25T00:00,-5.449465567855782
2,2030-04-01T00:00,-5.3119117738002615
2,2030-04-08T00:00,-5.378769336163259
2,2030-04-15T00:00,-5.427611523272162
2,2030-04-22T00:00,-5.6230027620374585
2,2030-04-29T00:00,-5.5669425707591245
2,2030-05-06T00:00,-5.7913331321867645
2,2030-05-13T00:00,-5.899846536103382
2,2030-05-20T00:00,-5.915906897164405
2,2030-05-27T00:00,-5.92452640505428
2,2030-06-03T00:00,-5.964829160161685
2,2030-06-10T00:00,-5.9828269846615285
2,2030-06-17T00:00,-6.012493547681515
2,2030-06-24T00:00,-6.025582473164718
2,2030-07-01T00:00,-6.032812482224699
2,2030-07-08T00:00,-6.053725717436691
2,2030-07-15T00:00,-6.0641280191936175
2,2030-07-22T00:00,-6.08172116886044
2,2030-07-29T00:00,-6.096053321538079
2,2030-08-05T00:00,-6.090491126273719
2,2030-08-12T00:00,-6.084113975131686
2,2030-08-19T00:00,-6.092396305575676
2,2030-08-26T00:00,-6.092634984570509
2,2030-09-02T00:00,-6.104683520364574
2,2030-09-09T00:00,-6.107425292586186
2,2030-09-16T00:00,-5.610936672931757
2,2030-09-23T00:00,-5.383657150533054
2,2030-09-30T00:00,-5.032260952457477
2,2030-10-07T00:00,-4.982019444648472
2,2030-10-14T00:00,-4.942899300399631
2,2030-10-21T00:00,-4.977484170891216
2,2030-10-28T00:00,-4.968064107756732
2,2030-11-04T00:00,-4.945958845456403
2,2030-11-11T00:00,-5.046942648032541
2,2030-11-18T00:00,-4.998026737673513
2,2030-11-25T00:00,-5.085460248682921
2,2030-12-02T00:00,-5.113024942431707
2,2030-12-09T00:00,-5.1146615129468955
2,2030-12-16T00:00,-5.128531321751666
2,2030-12-23T00:00,-5.135997301058637
2,2030-12-30T00:00,-5.364450761820763
2,2031-01-06T00:00,-5.456651440888436
2,2031-01-13T00:00,-5.7341208742841445
2,2031-01-20T00:00,-5.7530464699704
2,2031-01-27T00:00,-5.7377735083258585
2,2031-02-03T00:00,-5.367154478456882
2,2031-02-10T00:00,-5.213719583651937
2,2031-02-17T00:00,-5.09468172797915
2,2031-02-24T00:00,-5.010209901630901
2,2031-03-03T00:00,-4.947236114027078
2,2031-03-10T00:00,-4.93132299921524
2,2031-03-17T00:00,-4.905220000820464
2,2031-03-24T00:00,-4.898530840439548
2,2031-03-31T00:00,-4.868907010763451
2,2031-04-07T00:00,-4.891034754017596
2,2031-04-14T00:00,-4.832548843447626
2,2031-04-21T00:00,-5.14562352418136
2,2031-04-28T00:00,-5.283481081587411
2,2031-05-05T00:00,-5.323334496634743
2,2031-05-12T00:00,-5.410908755007313
2,2031-05-19T00:00,-5.446793361449977
2,2031-05-26T00:00,-5.497541431515515
2,2031-06-02T00:00,-5.495168963464721
2,2031-06-09T00:00,-5.729309310266558
2,2031-06-16T00:00,-5.549113447556692
2,2031-06-23T00:00,-5.524342917533318
2,2031-06-30T00:00,-5.673432582428859
3,2030-02-04T00:00,-2.6050436919905384
3,2030-02-11T00:00,-2.902009928243026
3,2030-02-18T00:00,-3.181213716571873
3,2030-02-25T00:00,-3.3078452879935867
3,2030-03-04T00:00,-3.7825130428670946
3,2030-03-11T00:00,-3.8354433698938237
3,2030-03-18T00:00,-3.772904376127485
3,2030-03-25T00:00,-3.8613939524137777
3,2030-04-01T00:00,-3.721660450917625
3,2030-04-08T00:00,-3.7992830638346504
3,2030-04-15T00:00,-3.814936028120883
3,2030-04-22T00:00,-3.7959076094959983
3,2030-04-29T00:00,-3.880226759974107
3,2030-05-06T00:00,-4.0976553504245885
3,2030-05-13T00:00,-4.14683922504355
3,2030-05-20T00:00,-4.20089376206181
3,2030-05-27T00:00,-4.174524132987926
3,2030-06-03T00:00,-4.222094116134599
3,2030-06-10T00:00,-4.217856776634221
3,2030-06-17T00:00,-4.2743577216947415
3,2030-06-24T00:00,-4.259412079329763
3,2030-07-01T00:00,-4.283107521820739
3,2030-07-08T00:00,-4.215236651329292
3,2030-07-15T00:00,-4.229576472131839
3,2030-07-22T00:00,-4.26208788268616
3,2030-07-29T00:00,-4.355644690586246
3,2030-08-05T00:00,-4.28014923131866
3,2030-08-12T00:00,-4.275660880340979
3,2030-08-19T00:00,-4.304016804803382
3,2030-08-26T00:00,-4.287467907373411
3,2030-09-02T00:00,-4.321277159429997
3,2030-09-09T00:00,-4.384949614562629
3,2030-09-16T00:00,-4.181076082985101
3,2030-09-23T00:00,-4.032680340107845
3,2030-09-30T00:00,-3.832882931691188
3,2030-10-07T00:00,-3.6790782259814705
3,2030-10-14T00:00,-3.739887028872431
3,2030-10-21T00:00,-3.730724803711155
3,2030-10-28T00:00,-3.69016504806757
3,2030-11-04T00:00,-3.618017297377264
3,2030-11-11T00:00,-3.756680709710963
3,2030-11-18T00:00,-3.6513778438350073
3,2030-11-25T00:00,-3.6819185857572165
3,2030-12-02T00:00,-3.7370691521335857
3,2030-12-09T00:00,-3.689539327580519
3,2030-12-16T00:00,-3.719971734353976
3,2030-12-23T00:00,-3.7124485003653263
3,2030-12-30T00:00,-3.7719827127522194
3,2031-01-06T00:00,-3.7941998446312937
3,2031-01-13T00:00,-4.032791608149182
3,2031-01-20T00:00,-4.047731575733792
3,2031-01-27T00:00,-4.062202661174979
3,2031-02-03T00:00,-3.9803785718107747
3,2031-02-10T00:00,-3.8204533138570014
3,2031-02-17T00:00,-3.8100522953499194
3,2031-02-24T00:00,-3.7329172276228064
3,2031-03-03T00:00,-3.708835322115874
3,2031-03-10T00:00,-3.603679891763022
3,2031-03-17T00:00,-3.6045458380257287
3,2031-03-24T00:00,-3.6037673053485832
3,2031-03-31T00:00,-3.5674288468984514
3,2031-04-07T00:00,-3.5954040460441092
3,2031-04-14T00:00,-3.544421009935718
3,2031-04-21T00:00,-3.6197966636863157
3,2031-04-28T00:00,-3.710164861894441
3,2031-05-05T00:00,-3.818731284983187
3,2031-05-12T00:00,-3.805158422943464
3,2031-05-19T00:00,-3.8386444660462757
3,2031-05-26T00:00,-3.8029781749219183
3,2031-06-02T00:00,-3.875682849058535
3,2031-06-09T00:00,-4.157252895022339
3,2031-06-16T00:00,-3.935981627431943
3,2031-06-23T00:00,-3.9269922430053157
3,2031-06-30T00:00,-3.976428599537826
4,2030-02-04T00:00,-2.5302508225555336
4,2030-02-11T00:00,-2.4958424964559343
4,2030-02-18T00:00,-2.5101754597750894
4,2030-02-25T00:00,-2.4767392486976405
4,2030-03-04T00:00,-2.4631783211426637
4,2030-03-11T00:00,-2.511419391363688
4,2030-03-18T00:00,-2.5617714973332113
4,2030-03-25T00:00,-2.6074432872528632
4,2030-04-01T00:00,-2.6005742189153125
4,2030-04-08T00:00,-2.6351875930132564
4,2030-04-15T00:00,-2.6683377628846756
4,2030-04-22T00:00,-2.701384854510934
4,2030-04-29T00:00,-2.709451698567591
4,2030-05-06T00:00,-2.7694501420917277
4,2030-05-13T00:00,-2.828743982086621
4,2030-05-20T00:00,-2.857274987403116
4,2030-05-27T00:00,-2.8893977529286303
4,2030-06-03T00:00,-2.9288445213518344
4,2030-06-10T00:00,-2.9649880624245952
4,2030-06-17T00:00,-3.0001940077926292
4,2030-06-24T00:00,-3.032477871110814
4,2030-07-01T00:00,-3.0452802980288425
4,2030-07-08T00:00,-3.071197075318196
4,2030-07-15T00:00,-3.0974639075129744
4,2030-07-22T00:00,-3.122667331449975
4,2030-07-29T00:00,-3.1418726014767344
4,2030-08-05T00:00,-3.1585980161835323
4,2030-08-12T00:00,-3.17977457783752
4,2030-08-19T00:00,-3.200454027654132
4,2030-08-26T00:00,-3.2196413251620015
4,2030-09-02T00:00,-3.2376508345319053
4,2030-09-09T00:00,-3.2422399239889046
4,2030-09-16T00:00,-3.2538247561819844
4,2030-09-23T00:00,-3.2576626873900523
4,2030-09-30T00:00,-3.2243178868137647
4,2030-10-07T00:00,-3.1940011588978905
4,2030-10-14T00:00,-3.1598155083510164
4,2030-10-21T00:00,-3.131996552525038
4,2030-10-28T00:00,-3.0844821288542335
4,2030-11-04T00:00,-3.041945285935867
4,2030-11-11T00:00,-3.1273932361043535
4,2030-11-18T00:00,-3.0898469793596632
4,2030-11-25T00:00,-3.066076287334681
4,2030-12-02T00:00,-3.0478941991021884
4,2030-12-09T00:00,-3.0330309702017075
4,2030-12-16T00:00,-3.0195569685949977
4,2030-12-23T00:00,-3.00474959974747
4,2030-12-30T00:00,-2.9944958692766477
4,2031-01-06T00:00,-2.989368713315571
4,2031-01-13T00:00,-2.9960958109628564
4,2031-01-20T00:00,-3.015447105666908
4,2031-01-27T00:00,-3.027730986655115
4,2031-02-03T00:00,-3.0445426665006607
4,2031-02-10T00:00,-3.0545578583337374
4,2031-02-17T00:00,-3.055458172954445
4,2031-02-24T00:00,-3.0482378241790684
4,2031-03-03T00:00,-3.03435237585677
4,2031-03-10T00:00,-3.018384338122928
4,2031-03-17T00:00,-2.9962437178820664
4,2031-03-24T00:00,-2.9861117864099924
4,2031-03-31T00:00,-2.9846376114159057
4,2031-04-07T00:00,-2.9618404503211195
4,2031-04-14T00:00,-2.9243119184415036
4,2031-04-21T00:00,-2.9046258465904202
4,2031-04-28T00:00,-2.8920222026282545
4,2031-05-05T00:00,-2.88892435585808
4,2031-05-12T00:00,-2.8907282425574294
4,2031-05-19T00:00,-2.8971871839797814
4,2031-05-26T00:00,-2.8951015587859956
4,2031-06-02T00:00,-2.9066813663343964
4,2031-06-09T00:00,-3.092506398677642
4,2031-06-16T00:00,-2.937959050203176
4,2031-06-23T00:00,-2.924639450857626
4,2031-06-30T00:00,-2.9385964045353603
5,2030-02-04T00:00,-1.3113056468814648
5,2030-02-11T00:00,-1.6951070835080828
5,2030-02-18T00:00,-1.9785064753517576
5,2030-02-25T00:00,-2.09153571921388
5,2030-03-04T00:00,-2.5464202174644015
5,2030-03-11T00:00,-2.5803422326166583
5,2030-03-18T00:00,-2.597860393935548
5,2030-03-25T00:00,-2.6069643727321363
5,2030-04-01T00:00,-2.522881979115482
5,2030-04-08T00:00,-2.5461804929893788
5,2030-04-15T00:00,-2.582897030776735
5,2030-04-22T00:00,-2.750771048417505
5,2030-04-29T00:00,-2.749863811605337
5,2030-05-06T00:00,-2.918604380654301
5,2030-05-13T00:00,-3.030539370803467
5,2030-05-20T00:00,-3.0474397080154176
5,2030-05-27T00:00,-3.07728349763795
5,2030-06-03T00:00,-3.101002300688151
5,2030-06-10T00:00,-3.1252773246586685
5,2030-06-17T00:00,-3.145914855239198
5,2030-06-24T00:00,-3.16588742216652
5,2030-07-01T00:00,-3.172553958126173
5,2030-07-08T00:00,-3.193150561286302
5,2030-07-15T00:00,-3.210629042804044
5,2030-07-22T00:00,-3.226346214831665
5,2030-07-29T00:00,-3.2384914454900127
5,2030-08-05T00:00,-3.2340320963724025
5,2030-08-12T00:00,-3.2334866607794766
5,2030-08-19T00:00,-3.238373002233857
5,2030-08-26T00:00,-3.246747459638641
5,2030-09-02T00:00,-3.2561439115806934
5,2030-09-09T00:00,-3.2582749838651353
5,2030-09-16T00:00,-2.7907890509981144
5,2030-09-23T00:00,-2.5379947071550077
5,2030-09-30T00:00,-2.1149824820289496
5,2030-10-07T00:00,-2.093252556838138
5,2030-10-14T00:00,-2.066271309040303
5,2030-10-21T00:00,-2.096557619444752
5,2030-10-28T00:00,-2.1085243433878986
5,2030-11-04T00:00,-2.090713810477837
5,2030-11-11T00:00,-2.12931409590783
5,2030-11-18T00:00,-2.1190860755343692
5,2030-11-25T00:00,-2.1825001904128385
5,2030-12-02T00:00,-2.2157196749237755
5,2030-12-09T00:00,-2.2320373135262344
5,2030-12-16T00:00,-2.245555392592564
5,2030-12-23T00:00,-2.253800410755616
5,2030-12-30T00:00,-2.4822204266469043
5,2031-01-06T00:00,-2.601749802371728
5,2031-01-13T00:00,-2.8281122308540034
5,2031-01-20T00:00,-2.8713901245261013
5,2031-01-27T00:00,-2.8607205519276704
5,2031-02-03T00:00,-2.5086411543121585
5,2031-02-10T00:00,-2.324371288030534
5,2031-02-17T00:00,-2.201986986884094
5,2031-02-24T00:00,-2.1155264001589558
5,2031-03-03T00:00,-2.0515251791204037
5,2031-03-10T00:00,-2.0191839451194937
5,2031-03-17T00:00,-2.0148563505870243
5,2031-03-24T00:00,-2.0138030939830287
5,2031-03-31T00:00,-2.013409342061209
5,2031-04-07T00:00,-2.009809277574732
5,2031-04-14T00:00,-2.002687592909183
5,2031-04-21T00:00,-2.272757572966384
5,2031-04-28T00:00,-2.4123345145641224
5,2031-05-05T00:00,-2.489824669738141
5,2031-05-12T00:00,-2.5425603900265514
5,2031-05-19T00:00,-2.5725996954862467
5,2031-05-26T00:00,-2.5550117074502623
5,2031-06-02T00:00,-2.610613524146629
5,2031-06-09T00:00,-2.882017358794087
5,2031-06-16T00:00,-2.683403032304682
5,2031-06-23T00:00,-2.666773460489594
5,2031-06-30T00:00,-2.8082191002400805
6,2030-02-04T00:00,-1.1193224857874429
6,2030-02-11T00:00,-1.638088773304554
6,2030-02-18T00:00,-2.02624711982166
6,2030-02-25T00:00,-2.224535766869735
6,2030-03-04T00:00,-2.639269643743546
6,2030-03-11T00:00,-2.6833599224091813
6,2030-03-18T00:00,-2.719570542527549
6,2030-03-25T00:00,-2.761363959217647
6,2030-04-01T00:00,-2.688313661850657
6,2030-04-08T00:00,-2.73953058539405
6,2030-04-15T00:00,-2.7810591563684284
6,2030-04-22T00:00,-2.846594152194257
6,2030-04-29T00:00,-2.8415935893769984
6,2030-05-06T00:00,-2.976245868326828
6,2030-05-13T00:00,-3.070308734927039
6,2030-05-20T00:00,-3.0863982060279795
6,2030-05-27T00:00,-3.1080664001051446
6,2030-06-03T00:00,-3.13745711757349
6,2030-06-10T00:00,-3.1634904202064718
6,2030-06-17T00:00,-3.189224061718619
6,2030-06-24T00:00,-3.213238490298977
6,2030-07-01T00:00,-3.2159630707122915
6,2030-07-08T00:00,-3.234986519768654
6,2030-07-15T00:00,-3.2553726509878516
6,2030-07-22T00:00,-3.274060450031925
6,2030-07-29T00:00,-3.287140225443295
6,2030-08-05T00:00,-3.3209340850887656
6,2030-08-12T00:00,-3.354932062269654
6,2030-08-19T00:00,-3.3853098250342555
6,2030-08-26T00:00,-3.4113596043731604
6,2030-09-02T00:00,-3.4350797892561786
6,2030-09-09T00:00,-3.435878977818561
6,2030-09-16T00:00,-3.3031572936877183
6,2030-09-23T00:00,-3.1881016957745487
6,2030-09-30T00:00,-2.9919243939798434
6,2030-10-07T00:00,-2.897894889726558
6,2030-10-14T00:00,-2.8340243950436843
6,2030-10-21T00:00,-2.8338857328965332
6,2030-10-28T00:00,-2.811551649632179
6,2030-11-04T00:00,-2.7923022174098833
6,2030-11-11T00:00,-2.8631859623199034
6,2030-11-18T00:00,-2.8271718235347407
6,2030-11-25T00:00,-2.8202601630860045
6,2030-12-02T00:00,-2.814583701667175
6,2030-12-09T00:00,-2.8111845986653634
6,2030-12-16T00:00,-2.80914027805386
6,2030-12-23T00:00,-2.8069712166476393
6,2030-12-30T00:00,-2.826660521979079
6,2031-01-06T00:00,-2.8512660838121064
6,2031-01-13T00:00,-2.9433958464148873
6,2031-01-20T00:00,-2.9745295340601388
6,2031-01-27T00:00,-2.9801822847497306
6,2031-02-03T00:00,-2.9135297577007577
6,2031-02-10T00:00,-2.846223348721878
6,2031-02-17T00:00,-2.780096060027404
6,2031-02-24T00:00,-2.7197928143780246
6,2031-03-03T00:00,-2.6648673237551748
6,2031-03-10T00:00,-2.6284839995528273
6,2031-03-17T00:00,-2.620670641976517
6,2031-03-24T00:00,-2.6221527230021593
6,2031-03-31T00:00,-2.6227936975284365
6,2031-04-07T00:00,-2.6279498406377115
6,2031-04-14T00:00,-2.637103527135423
6,2031-04-21T00:00,-2.6981522061640817
6,2031-04-28T00:00,-2.747491497964802
6,2031-05-05T00:00,-2.7859128923562366
6,2031-05-12T00:00,-2.812934776011957
6,2031-05-19T00:00,-2.833752706024484
6,2031-05-26T00:00,-2.827569673371272
6,2031-06-02T00:00,-2.8483295470966823
6,2031-06-09T00:00,-3.0490524228417826
6,2031-06-16T00:00,-2.8978936774809654
6,2031-06-23T00:00,-2.891528150051613
6,2031-06-30T00:00,-2.924760492521159
7,2030-02-04T00:00,-2.842891009100856
7,2030-02-11T00:00,-3.363970996717604
7,2030-02-18T00:00,-3.7112258489696877
7,2030-02-25T00:00,-3.826532832556154
7,2030-03-04T00:00,-4.413413462160179
7,2030-03-11T00:00,-4.423107573761854
7,2030-03-18T00:00,-4.438596665475757
7,2030-03-25T00:00,-4.431179260784006
7,2030-04-01T00:00,-4.292760496783899
7,2030-04-08T00:00,-4.3607684355938545
7,2030-04-15T00:00,-4.406937910972147
7,2030-04-22T00:00,-4.604981867307174
7,2030-04-29T00:00,-4.540220169807412
7,2030-05-06T00:00,-4.764707814987673
7,2030-05-13T00:00,-4.8732357495990755
7,2030-05-20T00:00,-4.892481011361042
7,2030-05-27T00:00,-4.897474817038301
7,2030-06-03T00:00,-4.941486738414369
7,2030-06-10T00:00,-4.958535398376057
7,2030-06-17T00:00,-4.990135040771406
7,2030-06-24T00:00,-5.002308824334023
7,2030-07-01T00:00,-5.011706834166262
7,2030-07-08T00:00,-5.041996765971135
7,2030-07-15T00:00,-5.048081945025842
7,2030-07-22T00:00,-5.068422554450308
7,2030-07-29T00:00,-5.074478490645447
7,2030-08-05T00:00,-5.08105961343847
7,2030-08-12T00:00,-5.070466149828803
7,2030-08-19T00:00,-5.08008567307229
7,2030-08-26T00:00,-5.0782329197968465
7,2030-09-02T00:00,-5.091806517496934
7,2030-09-09T00:00,-5.088587898040942
7,2030-09-16T00:00,-4.613015880219905
7,2030-09-23T00:00,-4.384866134063714
7,2030-09-30T00:00,-4.027637571338687
7,2030-10-07T00:00,-3.9903321554967306
7,2030-10-14T00:00,-3.9409702411608123
7,2030-10-21T00:00,-3.9803816282220623
7,2030-10-28T00:00,-3.9630455311114474
7,2030-11-04T00:00,-3.945052888091709
7,2030-11-11T00:00,-4.04633620173945
7,2030-11-18T00:00,-3.994452946744218
7,2030-11-25T00:00,-4.082988698708391
7,2030-12-02T00:00,-4.110424988096497
7,2030-12-09T00:00,-4.110826933037288
7,2030-12-16T00:00,-4.123566626554862
7,2030-12-23T00:00,-4.131353806589573
7,2030-12-30T00:00,-4.346064386435614
7,2031-01-06T00:00,-4.433876390044588
7,2031-01-13T00:00,-4.711419964557081
7,2031-01-20T00:00,-4.732882662617385
7,2031-01-27T00:00,-4.7099635812328415
7,2031-02-03T00:00,-4.368746513569931
7,2031-02-10T00:00,-4.222469791640037
7,2031-02-17T00:00,-4.095780808250765
7,2031-02-24T00:00,-4.010693105420614
7,2031-03-03T00:00,-3.9433855226531023
7,2031-03-10T00:00,-3.936024312304994
7,2031-03-17T00:00,-3.907073798479928
7,2031-03-24T00:00,-3.9002032605236536
7,2031-03-31T00:00,-3.8656749762516256
7,2031-04-07T00:00,-3.8937205175326426
7,2031-04-14T00:00,-3.8228061571199987
7,2031-04-21T00:00,-4.143240030721927
7,2031-04-28T00:00,-4.270744013475905
7,2031-05-05T00:00,-4.295683646500606
7,2031-05-12T00:00,-4.403661541039924
7,2031-05-19T00:00,-4.437495971661633
7,2031-05-26T00:00,-4.484712714624607
7,2031-06-02T00:00,-4.483806814665968
7,2031-06-09T00:00,-4.706456520846814
7,2031-06-16T00:00,-4.534003283245738
7,2031-06-23T00:00,-4.506995220586646
7,2031-06-30T00:00,-4.646591938206257
8,2030-02-04T00:00,-2.425523987788367
8,2030-02-11T00:00,-2.8693686037278017
8,2030-02-18T00:00,-3.2861484406095793
8,2030-02-25T00:00,-3.400616799408226
8,2030-03-04T00:00,-4.097887083879755
8,2030-03-11T00:00,-4.137131234688582
8,2030-03-18T00:00,-3.980196644917669
8,2030-03-25T00:00,-4.14709155377318
8,2030-04-01T00:00,-3.9907284985644083
8,2030-04-08T00:00,-4.062772034637646
8,2030-04-15T00:00,-4.091847153575372
8,2030-04-22T00:00,-3.986779906181141
8,2030-04-29T00:00,-4.169817787007219
8,2030-05-06T00:00,-4.430879855928765
8,2030-05-13T00:00,-4.523631165767824
8,2030-05-20T00:00,-4.55900288811813
8,2030-05-27T00:00,-4.557964143821437
8,2030-06-03T00:00,-4.574050036035487
8,2030-06-10T00:00,-4.58695883375708
8,2030-06-17T00:00,-4.6282777313866745
8,2030-06-24T00:00,-4.619608546963718
8,2030-07-01T00:00,-4.612919044552427
8,2030-07-08T00:00,-4.45788833611482
8,2030-07-15T00:00,-4.503578808467751
8,2030-07-22T00:00,-4.514119060290682
8,2030-07-29T00:00,-4.686150739949198
8,2030-08-05T00:00,-4.523147970830792
8,2030-08-12T00:00,-4.540870527100765
8,2030-08-19T00:00,-4.551307215553493
8,2030-08-26T00:00,-4.544203624743204
8,2030-09-02T00:00,-4.5613178913379215
8,2030-09-09T00:00,-4.703594011234259
8,2030-09-16T00:00,-4.46297197744309
8,2030-09-23T00:00,-4.221041542135708
8,2030-09-30T00:00,-4.0575428450543995
8,2030-10-07T00:00,-3.7296240749935805
8,2030-10-14T00:00,-3.9229559272982897
8,2030-10-21T00:00,-3.8743702594777005
8,2030-10-28T00:00,-3.8705467596174685
8,2030-11-04T00:00,-3.7465391503274077
8,2030-11-11T00:00,-3.9378176291512546
8,2030-11-18T00:00,-3.7933643726909168
8,2030-11-25T00:00,-3.775863887445553
8,2030-12-02T00:00,-3.9147734441601187
8,2030-12-09T00:00,-3.8264805868473104
8,2030-12-16T00:00,-3.893882175636577
8,2030-12-23T00:00,-3.8751846445832143
8,2030-12-30T00:00,-3.9594338155426385
8,2031-01-06T00:00,-4.024629870409399
8,2031-01-13T00:00,-4.311497851187255
8,2031-01-20T00:00,-4.332006265200789
8,2031-01-27T00:00,-4.34356066212365
8,2031-02-03T00:00,-4.271021478705961
8,2031-02-10T00:00,-4.014355993527829
8,2031-02-17T00:00,-4.049416768712376
8,2031-02-24T00:00,-3.939243256926261
8,2031-03-03T00:00,-3.9361856930635213
8,2031-03-10T00:00,-3.7612511809720672
8,2031-03-17T00:00,-3.762474218368993
8,2031-03-24T00:00,-3.7691348380008094
8,2031-03-31T00:00,-3.6707601053458347
8,2031-04-07T00:00,-3.751596928129743
8,2031-04-14T00:00,-3.6319562572742825
8,2031-04-21T00:00,-3.7612462229452603
8,2031-04-28T00:00,-3.8884586244456614
8,2031-05-05T00:00,-4.03729579959986
8,2031-05-12T00:00,-4.0085556012364805
8,2031-05-19T00:00,-4.052852658950428
8,2031-05-26T00:00,-4.007793459923164
8,2031-06-02T00:00,-4.083453739358674
8,2031-06-09T00:00,-4.3930166244563225
8,2031-06-16T00:00,-4.180044379848482
8,2031-06-23T00:00,-4.153038997204021
8,2031-06-30T00:00,-4.214712234077865
9,2030-02-04T00:00,-5.162635394318581
9,2030-02-11T00:00,-5.661417958854944
9,2030-02-18T00:00,-6.023675240223911
9,2030-02-25T00:00,-6.109516771321523
9,2030-03-04T00:00,-6.319252139234436
9,2030-03-11T00:00,-6.337219404052689
9,2030-03-18T00:00,-6.391571587771068
9,2030-03-25T00:00,-6.421465210076349
9,2030-04-01T00:00,-6.374153936258949
9,2030-04-08T00:00,-6.414019846894462
9,2030-04-15T00:00,-6.447567173664652
9,2030-04-22T00:00,-6.49613036088499
9,2030-04-29T00:00,-6.49728423271074
9,2030-05-06T00:00,-6.597846975426137
9,2030-05-13T00:00,-6.662489875601409
9,2030-05-20T00:00,-6.668443051295071
9,2030-05-27T00:00,-6.686016877627594
9,2030-06-03T00:00,-6.711011293400816
9,2030-06-10T00:00,-6.735338600325463
9,2030-06-17T00:00,-6.759229285347942
9,2030-06-24T00:00,-6.781147644567341
9,2030-07-01T00:00,-6.783401033368364
9,2030-07-08T00:00,-6.80105122051657
9,2030-07-15T00:00,-6.8191009011973165
9,2030-07-22T00:00,-6.837213776752947
9,2030-07-29T00:00,-6.849956178231423
9,2030-08-05T00:00,-6.875028633311899
9,2030-08-12T00:00,-6.904964742979018
9,2030-08-19T00:00,-6.934350397963726
9,2030-08-26T00:00,-6.961039439828824
9,2030-09-02T00:00,-6.98741746691212
9,2030-09-09T00:00,-6.989461644499556
9,2030-09-16T00:00,-6.915717485341361
9,2030-09-23T00:00,-6.833290091387653
9,2030-09-30T00:00,-6.693942269448712
9,2030-10-07T00:00,-6.63443633633824
9,2030-10-14T00:00,-6.586834880458127
9,2030-10-21T00:00,-6.5856600737910185
9,2030-10-28T00:00,-6.556627737577401
9,2030-11-04T00:00,-6.532619475713545
9,2030-11-11T00:00,-6.602567708683068
9,2030-11-18T00:00,-6.546767053820531
9,2030-11-25T00:00,-6.5269473409456396
9,2030-12-02T00:00,-6.516203918791689
9,2030-12-09T00:00,-6.508112234658711
9,2030-12-16T00:00,-6.499917097565344
9,2030-12-23T00:00,-6.492967016214266
9,2030-12-30T00:00,-6.503542593587895
9,2031-01-06T00:00,-6.515467214963223
9,2031-01-13T00:00,-6.5759543468511765
9,2031-01-20T00:00,-6.584756374046492
9,2031-01-27T00:00,-6.588603565160497
9,2031-02-03T00:00,-6.546406794406153
9,2031-02-10T00:00,-6.505935313623695
9,2031-02-17T00:00,-6.462384991440786
9,2031-02-24T00:00,-6.420554010109186
9,2031-03-03T00:00,-6.380431930552845
9,2031-03-10T00:00,-6.356063158894358
9,2031-03-17T00:00,-6.377167532917156
9,2031-03-24T00:00,-6.389702572333022
9,2031-03-31T00:00,-6.390334444425207
9,2031-04-07T00:00,-6.398498987803691
9,2031-04-14T00:00,-6.406379199613411
9,2031-04-21T00:00,-6.434133164785408
9,2031-04-28T00:00,-6.465723293492374
9,2031-05-05T00:00,-6.482742107177614
9,2031-05-12T00:00,-6.490288015833357
9,2031-05-19T00:00,-6.499476148021927
9,2031-05-26T00:00,-6.480507316820649
9,2031-06-02T00:00,-6.506978872914942
9,2031-06-09T00:00,-6.554363859846035
9,2031-06-16T00:00,-6.541667199558901
9,2031-06-23T00:00,-6.538779070397595
9,2031-06-30T00:00,-6.548642234336285
10,2030-02-04T00:00,-4.707309985947113
10,2030-02-11T00:00,-5.16527533087351
10,2030-02-18T00:00,-5.512707281428967
10,2030-02-25T00:00,-5.5948053024033015
10,2030-03-04T00:00,-5.994043773702174
10,2030-03-11T00:00,-5.966642265190558
10,2030-03-18T00:00,-5.973802025794498
10,2030-03-25T00:00,-6.009401209487123
10,2030-04-01T00:00,-5.932264196885058
10,2030-04-08T00:00,-5.991706529936323
10,2030-04-15T00:00,-6.030799425261307
10,2030-04-22T00:00,-6.128329009080062
10,2030-04-29T00:00,-6.122217494947108
10,2030-05-06T00:00,-6.2692647030187345
10,2030-05-13T00:00,-6.355462037884308
10,2030-05-20T00:00,-6.360357198798283
10,2030-05-27T00:00,-6.380102031060915
10,2030-06-03T00:00,-6.409361789089303
10,2030-06-10T00:00,-6.43577279503404
10,2030-06-17T00:00,-6.461297441616466
10,2030-06-24T00:00,-6.4849754223631635
10,2030-07-01T00:00,-6.489373309613029
10,2030-07-08T00:00,-6.5088648386700925
10,2030-07-15T00:00,-6.527155795488056
10,2030-07-22T00:00,-6.545510782405245
10,2030-07-29T00:00,-6.55739050446482
10,2030-08-05T00:00,-6.6094658497679575
10,2030-08-12T00:00,-6.640164623119631
10,2030-08-19T00:00,-6.666082250048362
10,2030-08-26T00:00,-6.6891798401081815
10,2030-09-02T00:00,-6.710307270686599
10,2030-09-09T00:00,-6.711242351165538
10,2030-09-16T00:00,-6.437378022007579
10,2030-09-23T00:00,-6.278889088547203
10,2030-09-30T00:00,-6.074891613362979
10,2030-10-07T00:00,-5.990143688975763
10,2030-10-14T00:00,-5.926327151273654
10,2030-10-21T00:00,-5.963256447035974
10,2030-10-28T00:00,-5.9585780056864905
10,2030-11-04T00:00,-5.936346546901973
10,2030-11-11T00:00,-5.987077041132466
10,2030-11-18T00:00,-5.94560745565127
10,2030-11-25T00:00,-5.970051369554199
10,2030-12-02T00:00,-5.971954551397516
10,2030-12-09T00:00,-5.974353140466292
10,2030-12-16T00:00,-5.976655508834369
10,2030-12-23T00:00,-5.978273643517468
10,2030-12-30T00:00,-6.03685804953227
10,2031-01-06T00:00,-6.07757994639519
10,2031-01-13T00:00,-6.1946499484008655
10,2031-01-20T00:00,-6.216626498346841
10,2031-01-27T00:00,-6.218921225764461
10,2031-02-03T00:00,-6.057945272059783
10,2031-02-10T00:00,-5.968685993371423
10,2031-02-17T00:00,-5.894178356436214
10,2031-02-24T00:00,-5.827634852143774
10,2031-03-03T00:00,-5.7696654520973425
10,2031-03-10T00:00,-5.7400565966572685
10,2031-03-17T00:00,-5.7736581166037695
10,2031-03-24T00:00,-5.7859671378014355
10,2031-03-31T00:00,-5.78766219564875
10,2031-04-07T00:00,-5.796881088221426
10,2031-04-14T00:00,-5.804632939464682
10,2031-04-21T00:00,-5.92423771001927
10,2031-04-28T00:00,-5.983938534011145
10,2031-05-05T00:00,-6.0203822100944535
10,2031-05-12T00:00,-6.039077672917983
10,2031-05-19T00:00,-6.052927093772155
10,2031-05-26T00:00,-6.087025533361043
10,2031-06-02T00:00,-6.068876525980727
10,2031-06-09T00:00,-6.2054308175710275
10,2031-06-16T00:00,-6.13200915447203
10,2031-06-23T00:00,-6.1226359266310055
10,2031-06-30T00:00,-6.167836921023991
