well_id,control_point_id,pumping_period,effect_period,response
1,1,4,5,-5.807e-08
1,1,7,9,5.4e-08
1,1,8,9,6.747e-08
1,1,8,10,8.578e-08
1,1,8,11,5.552e-08
1,1,9,9,5.676e-08
1,1,9,10,9.577e-08
1,1,9,11,5.571e-08
1,1,9,12,5.205e-08
1,1,10,10,5.294e-08
1,1,10,11,7.377e-08
1,1,10,12,6.587e-08
1,1,11,12,5.624e-08
1,1,18,19,5.713e-08
1,1,18,20,7.9e-08
1,1,18,21,5.481e-08
1,1,19,20,8.465e-08
1,1,19,21,8.259e-08
1,1,20,20,5.726e-08
1,1,20,21,8.725e-08
2,1,4,5,-5.795e-08
2,1,7,9,5.385e-08
2,1,8,9,6.714e-08
2,1,8,10,8.571e-08
2,1,8,11,5.546e-08
2,1,9,9,5.656e-08
2,1,9,10,9.549e-08
2,1,9,11,5.559e-08
2,1,9,12,5.195e-08
2,1,10,10,5.277e-08
2,1,10,11,7.346e-08
2,1,10,12,6.553e-08
2,1,11,12,5.595e-08
2,1,18,19,5.687e-08
2,1,18,20,7.873e-08
2,1,18,21,5.442e-08
2,1,19,20,8.444e-08
2,1,19,21,8.232e-08
2,1,20,20,5.712e-08
2,1,20,21,8.701e-08
3,1,4,5,-6.263e-08
3,1,4,6,-7.046e-08
3,1,4,8,-5.138e-08
3,1,8,9,6.279e-08
3,1,8,10,8.043e-08
3,1,9,9,5.513e-08
3,1,9,10,9.109e-08
3,1,10,10,5.138e-08
3,1,10,11,6.908e-08
3,1,11,12,5.155e-08
3,1,18,19,5.261e-08
3,1,19,20,7.676e-08
3,1,19,21,7.502e-08
3,1,20,20,5.588e-08
3,1,20,21,8.265e-08
4,1,4,5,-6.244e-08
4,1,4,6,-7.04e-08
4,1,4,8,-5.105e-08
4,1,8,9,6.292e-08
4,1,9,9,5.517e-08
4,1,9,10,9.121e-08
4,1,10,10,5.142e-08
4,1,10,11,6.921e-08
4,1,11,12,5.167e-08
4,1,18,19,5.277e-08
4,1,19,20,7.693e-08
4,1,19,21,7.508e-08
4,1,20,20,5.594e-08
4,1,20,21,8.279e-08
5,1,1,1,-5.797e-07
5,1,1,2,-5.612e-07
5,1,1,3,-4.049e-07
5,1,1,4,-2.919e-07
5,1,1,5,-2.427e-07
5,1,1,6,-1.773e-07
5,1,1,7,-1.183e-07
5,1,1,8,-1.73e-07
5,1,1,10,5.042e-08
5,1,1,12,5.493e-08
5,1,1,13,-1.071e-07
5,1,1,15,-5.669e-08
5,1,1,16,-7.976e-08
5,1,1,17,-1.001e-07
5,1,1,18,5.536e-08
5,1,1,20,7.678e-08
5,1,2,2,-6.7e-07
5,1,2,3,-6.41e-07
5,1,2,4,-4.642e-07
5,1,2,5,-3.378e-07
5,1,2,6,-2.488e-07
5,1,2,7,-1.889e-07
5,1,2,8,-1.448e-07
5,1,2,9,-5.798e-08
5,1,2,11,-7.833e-08
5,1,2,16,-6.508e-08
5,1,3,3,-6.777e-07
5,1,3,4,-6.16e-07
5,1,3,5,-3.486e-07
5,1,3,6,-2.52e-07
5,1,3,7,-2.063e-07
5,1,3,8,-1.119e-07
5,1,3,9,8.281e-08
5,1,3,10,8.07e-08
5,1,3,18,5.507e-08
5,1,4,4,-6.528e-07
5,1,4,5,-7.74e-07
5,1,4,6,-5.543e-07
5,1,4,7,-4.73e-07
5,1,4,8,-3.22e-07
5,1,4,11,-8.357e-08
5,1,4,16,-7.081e-08
5,1,5,5,-8.229e-07
5,1,5,6,-7.028e-07
5,1,5,7,-4.104e-07
5,1,5,8,-3.277e-07
5,1,5,9,-1.657e-07
5,1,5,10,-9.105e-08
5,1,5,11,-7.01e-08
5,1,5,12,-6.012e-08
5,1,5,13,-5.252e-08
5,1,6,6,-6.117e-07
5,1,6,7,-4.23e-07
5,1,6,8,-3.107e-07
5,1,6,9,-1.158e-07
5,1,6,10,-7.674e-08
5,1,6,11,-6.952e-08
5,1,7,7,-4.962e-07
5,1,7,8,-3.421e-07
5,1,7,12,5.008e-08
5,1,7,20,5.433e-08
5,1,8,8,-5.475e-07
5,1,8,9,-1.466e-07
5,1,8,10,-1.988e-07
5,1,8,11,-1.775e-07
5,1,8,12,-8.083e-08
5,1,8,13,-8.413e-08
5,1,8,16,-8.886e-08
5,1,8,18,5.276e-08
5,1,8,19,9.455e-08
5,1,8,20,1.309e-07
5,1,8,21,1.061e-07
5,1,9,9,-2.791e-07
5,1,10,10,-3.091e-07
5,1,10,11,-1.215e-07
5,1,10,12,-7.118e-08
5,1,10,13,-1.942e-07
5,1,10,14,-1.339e-07
5,1,10,15,-1.051e-07
5,1,10,16,-6.5e-08
5,1,10,17,-6.105e-08
5,1,11,11,-4.162e-07
5,1,11,12,-2.327e-07
5,1,11,13,-2.524e-07
5,1,11,14,-1.417e-07
5,1,11,15,-1.272e-07
5,1,11,16,-1.549e-07
5,1,11,17,-5.992e-08
5,1,11,20,6.205e-08
5,1,12,12,-3.875e-07
5,1,12,13,-2.814e-07
5,1,12,14,-2.645e-07
5,1,12,15,-1.913e-07
5,1,12,16,-1.428e-07
5,1,12,17,-8.822e-08
5,1,12,19,6.421e-08
5,1,12,20,-8.119e-08
5,1,12,21,-6.232e-08
5,1,13,13,-4.989e-07
5,1,13,14,-3.399e-07
5,1,13,15,-3.107e-07
5,1,13,16,-2.823e-07
5,1,13,17,-1.508e-07
5,1,13,19,-7.115e-08
5,1,14,14,-4.777e-07
5,1,14,15,-3.466e-07
5,1,14,16,-2.295e-07
5,1,14,17,-1.439e-07
5,1,14,18,-9.574e-08
5,1,14,19,-6.852e-08
5,1,15,15,-4.89e-07
5,1,15,16,-4.167e-07
5,1,15,17,-3.285e-07
5,1,15,18,-8.234e-08
5,1,15,19,-8.041e-08
5,1,16,16,-6.004e-07
5,1,16,17,-4.245e-07
5,1,16,18,-2.671e-07
5,1,16,19,-1.826e-07
5,1,16,20,-1.354e-07
5,1,16,21,-9.446e-08
5,1,17,17,-5.565e-07
5,1,17,18,-2.862e-07
5,1,17,19,-1.774e-07
5,1,17,21,-8.358e-08
5,1,18,18,-4.408e-07
5,1,18,19,-2.45e-07
5,1,18,20,-1.277e-07
5,1,18,21,-9.539e-08
5,1,19,19,-4.374e-07
5,1,19,20,-7.088e-08
5,1,20,20,-2.727e-07
6,1,1,1,-7.061e-07
6,1,1,2,-6.226e-07
6,1,1,3,-4.354e-07
6,1,1,4,-3.075e-07
6,1,1,5,-2.544e-07
6,1,1,6,-1.772e-07
6,1,1,7,-1.244e-07
6,1,1,8,-9.423e-08
6,1,1,9,5.53e-08
6,1,1,10,1.036e-07
6,1,1,12,7.186e-08
6,1,1,14,5.061e-08
6,1,1,18,8.127e-08
6,1,1,19,1.061e-07
6,1,1,20,1.047e-07
6,1,1,21,6.409e-08
6,1,2,2,-8.029e-07
6,1,2,3,-7.043e-07
6,1,2,4,-4.965e-07
6,1,2,5,-3.638e-07
6,1,2,6,-2.584e-07
6,1,2,7,-1.952e-07
6,1,2,8,-1.521e-07
6,1,2,10,7.738e-08
6,1,2,17,-6.923e-08
6,1,3,3,-8.11e-07
6,1,3,4,-6.793e-07
6,1,3,5,-3.85e-07
6,1,3,6,-2.757e-07
6,1,3,7,-2.214e-07
6,1,3,8,-1.236e-07
6,1,3,9,8.193e-08
6,1,3,10,8.84e-08
6,1,3,17,-8.527e-08
6,1,4,4,-7.852e-07
6,1,4,5,-8.362e-07
6,1,4,6,-5.937e-07
6,1,4,7,-4.905e-07
6,1,4,8,-3.341e-07
6,1,4,9,-5.914e-08
6,1,4,11,-9.249e-08
6,1,4,16,-7.201e-08
6,1,5,5,-9.564e-07
6,1,5,6,-7.604e-07
6,1,5,7,-4.4e-07
6,1,5,8,-3.455e-07
6,1,5,9,-2.815e-07
6,1,5,10,-1.58e-07
6,1,5,11,-1.593e-07
6,1,5,12,-8.718e-08
6,1,5,13,-9.871e-08
6,1,5,15,-5.769e-08
6,1,5,16,-9.321e-08
6,1,5,19,9.404e-08
6,1,6,6,-7.466e-07
6,1,6,7,-4.83e-07
6,1,6,8,-3.371e-07
6,1,6,9,-1.393e-07
6,1,6,10,-9.542e-08
6,1,6,11,-7.883e-08
6,1,7,7,-6.67e-07
6,1,7,8,-4.527e-07
6,1,7,9,-1.083e-07
6,1,7,19,1.282e-07
6,1,7,20,1.274e-07
6,1,7,21,9.938e-08
6,1,8,8,-6.811e-07
6,1,8,9,-2.123e-07
6,1,8,10,-2.29e-07
6,1,8,11,-1.987e-07
6,1,8,12,-9.048e-08
6,1,8,13,-8.909e-08
6,1,8,16,-9.054e-08
6,1,8,18,5.226e-08
6,1,8,19,9.767e-08
6,1,8,20,1.296e-07
6,1,8,21,1.011e-07
6,1,9,9,-4.127e-07
6,1,10,10,-4.428e-07
6,1,10,11,-1.793e-07
6,1,10,12,-1.027e-07
6,1,10,13,-2.086e-07
6,1,10,14,-1.445e-07
6,1,10,15,-1.119e-07
6,1,10,16,-6.976e-08
6,1,10,17,-6.416e-08
6,1,11,11,-5.524e-07
6,1,11,12,-2.969e-07
6,1,11,13,-2.847e-07
6,1,11,14,-1.589e-07
6,1,11,15,-1.396e-07
6,1,11,16,-1.644e-07
6,1,11,17,-6.649e-08
6,1,11,20,6.094e-08
6,1,12,12,-5.191e-07
6,1,12,13,-3.456e-07
6,1,12,14,-2.985e-07
6,1,12,15,-2.146e-07
6,1,12,16,-1.386e-07
6,1,12,17,-1.115e-07
6,1,12,18,-7.45e-08
6,1,12,19,-6.798e-08
6,1,13,13,-6.298e-07
6,1,13,14,-4.012e-07
6,1,13,15,-3.441e-07
6,1,13,16,-3.01e-07
6,1,13,17,-1.624e-07
6,1,13,19,-7.659e-08
6,1,14,14,-6.076e-07
6,1,14,15,-4.074e-07
6,1,14,16,-2.613e-07
6,1,14,17,-1.579e-07
6,1,14,18,-1.019e-07
6,1,14,19,-7.104e-08
6,1,15,15,-6.194e-07
6,1,15,16,-5.015e-07
6,1,15,17,-3.247e-07
6,1,15,18,-2.168e-07
6,1,15,19,-1.661e-07
6,1,15,20,-1.055e-07
6,1,15,21,-8.565e-08
6,1,16,16,-7.337e-07
6,1,16,17,-4.861e-07
6,1,16,18,-2.965e-07
6,1,16,19,-1.982e-07
6,1,16,20,-1.459e-07
6,1,16,21,-1.005e-07
6,1,17,17,-6.909e-07
6,1,17,18,-3.472e-07
6,1,17,19,-2.085e-07
6,1,17,20,-6.451e-08
6,1,17,21,-9.614e-08
6,1,18,18,-5.729e-07
6,1,18,19,-3.056e-07
6,1,18,20,-1.587e-07
6,1,18,21,-1.131e-07
6,1,19,19,-5.694e-07
6,1,19,20,-1.304e-07
6,1,20,20,-4.058e-07
6,1,20,21,-8.328e-08
7,1,1,1,-9.22e-07
7,1,1,2,-7.239e-07
7,1,1,3,-4.792e-07
7,1,1,4,-3.344e-07
7,1,1,5,-2.707e-07
7,1,1,6,-1.87e-07
7,1,1,7,-1.351e-07
7,1,1,8,-9.685e-08
7,1,1,9,5.574e-08
7,1,1,10,9.19e-08
7,1,1,11,7.008e-08
7,1,1,12,6.183e-08
7,1,2,2,-1.008e-06
7,1,2,3,-8.112e-07
7,1,2,4,-5.312e-07
7,1,2,5,-3.919e-07
7,1,2,6,-2.71e-07
7,1,2,7,-2.248e-07
7,1,2,8,-1.77e-07
7,1,2,9,-9.186e-08
7,1,2,10,-5.037e-08
7,1,2,11,-7.297e-08
7,1,2,13,-1.479e-07
7,1,2,14,-8.14e-08
7,1,2,15,-8.168e-08
7,1,2,16,-1.085e-07
7,1,2,17,-1.028e-07
7,1,2,18,-7.034e-08
7,1,3,3,-1.021e-06
7,1,3,4,-7.882e-07
7,1,3,5,-4.536e-07
7,1,3,6,-2.955e-07
7,1,3,7,-2.378e-07
7,1,3,8,-1.29e-07
7,1,3,9,6.705e-08
7,1,3,10,6.843e-08
7,1,3,18,5.31e-08
7,1,4,4,-9.935e-07
7,1,4,5,-9.432e-07
7,1,4,6,-6.362e-07
7,1,4,7,-4.941e-07
7,1,4,8,-3.313e-07
7,1,4,9,-7.669e-08
7,1,4,11,-8.317e-08
7,1,4,16,-6.127e-08
7,1,4,18,1.062e-07
7,1,4,20,8.333e-08
7,1,5,5,-1.17e-06
7,1,5,6,-8.464e-07
7,1,5,7,-4.71e-07
7,1,5,8,-3.224e-07
7,1,5,9,-1.992e-07
7,1,5,10,-1.381e-07
7,1,5,11,-1.681e-07
7,1,5,12,-6.814e-08
7,1,5,13,-5.94e-08
7,1,5,16,-8.748e-08
7,1,6,6,-9.629e-07
7,1,6,7,-5.803e-07
7,1,6,8,-4.199e-07
7,1,6,9,-7.317e-08
7,1,6,10,5.445e-08
7,1,6,16,-5.434e-08
7,1,6,18,6.674e-08
7,1,6,19,1.057e-07
7,1,6,21,-6.55e-08
7,1,7,7,-8.536e-07
7,1,7,8,-5.171e-07
7,1,7,9,-1.171e-07
7,1,7,11,-5.308e-08
7,1,8,8,-9.013e-07
7,1,8,9,-3.148e-07
7,1,8,10,-2.728e-07
7,1,8,11,-2.332e-07
7,1,8,12,-1.069e-07
7,1,8,13,-2.006e-07
7,1,8,14,-1.434e-07
7,1,8,15,-1.11e-07
7,1,8,16,-9.849e-08
7,1,8,17,-1.621e-07
7,1,9,9,-6.5e-07
7,1,9,10,-1.399e-07
7,1,9,11,-7.77e-08
7,1,9,18,5.879e-08
7,1,9,19,1.188e-07
7,1,10,10,-6.693e-07
7,1,10,11,-2.985e-07
7,1,10,12,-1.54e-07
7,1,10,13,-2.509e-07
7,1,10,14,-1.717e-07
7,1,10,15,-1.316e-07
7,1,10,16,-8.45e-08
7,1,10,17,-7.451e-08
7,1,11,11,-7.809e-07
7,1,11,12,-3.975e-07
7,1,11,13,-3.56e-07
7,1,11,14,-2.174e-07
7,1,11,15,-1.786e-07
7,1,11,16,-1.303e-07
7,1,11,17,-1.412e-07
7,1,12,12,-7.376e-07
7,1,12,13,-4.432e-07
7,1,12,14,-3.403e-07
7,1,12,15,-2.551e-07
7,1,12,16,-2.037e-07
7,1,12,17,-1.982e-07
7,1,13,13,-8.437e-07
7,1,13,14,-5.062e-07
7,1,13,15,-3.986e-07
7,1,13,16,-3.275e-07
7,1,13,17,-1.784e-07
7,1,13,18,-6.087e-08
7,1,13,19,-8.29e-08
7,1,14,14,-8.192e-07
7,1,14,15,-5.199e-07
7,1,14,16,-3.075e-07
7,1,14,17,-1.974e-07
7,1,14,18,-1.285e-07
7,1,14,19,-1.004e-07
7,1,14,20,-5.824e-08
7,1,15,15,-8.322e-07
7,1,15,16,-6.129e-07
7,1,15,17,-3.62e-07
7,1,15,18,-9.462e-08
7,1,15,19,-7.762e-08
7,1,15,21,-5.57e-08
7,1,16,16,-9.502e-07
7,1,16,17,-6.034e-07
7,1,16,18,-3.526e-07
7,1,16,19,-2.522e-07
7,1,16,20,-1.583e-07
7,1,16,21,-1.237e-07
7,1,17,17,-9.143e-07
7,1,17,18,-4.566e-07
7,1,17,19,-2.649e-07
7,1,17,20,-9.687e-08
7,1,17,21,-1.217e-07
7,1,18,18,-7.919e-07
7,1,18,19,-4.179e-07
7,1,18,20,-2.243e-07
7,1,18,21,-1.543e-07
7,1,19,19,-7.9e-07
7,1,19,20,-2.476e-07
7,1,19,21,-1.413e-07
7,1,20,20,-6.33e-07
7,1,20,21,-2.048e-07
8,1,1,1,-9.464e-07
8,1,1,2,-6.599e-07
8,1,1,3,-4.559e-07
8,1,1,4,-2.695e-07
8,1,1,5,-2.143e-07
8,1,1,6,-1.847e-07
8,1,1,7,-1.665e-07
8,1,1,8,-1.051e-07
8,1,1,9,1.125e-07
8,1,1,10,1.108e-07
8,1,1,12,7.048e-08
8,1,1,18,5.095e-08
8,1,1,20,5.558e-08
8,1,2,2,-1.037e-06
8,1,2,3,-7.856e-07
8,1,2,4,-4.865e-07
8,1,2,5,-3.509e-07
8,1,2,6,-2.753e-07
8,1,2,7,-2.267e-07
8,1,2,8,-2.187e-07
8,1,2,9,-1.858e-07
8,1,2,10,-1.0e-07
8,1,2,11,-1.019e-07
8,1,2,12,-6.795e-08
8,1,2,13,-1.653e-07
8,1,2,14,-9.491e-08
8,1,2,15,-1.008e-07
8,1,2,16,-1.034e-07
8,1,2,17,-1.101e-07
8,1,2,20,5.534e-08
8,1,3,3,-1.048e-06
8,1,3,4,-7.354e-07
8,1,3,5,-5.171e-07
8,1,3,6,-3.614e-07
8,1,3,7,-2.746e-07
8,1,3,8,-2.998e-07
8,1,3,9,-2.162e-07
8,1,3,10,-1.263e-07
8,1,3,11,-1.135e-07
8,1,3,12,-6.644e-08
8,1,3,13,-1.56e-07
8,1,3,14,-8.472e-08
8,1,3,15,-9.161e-08
8,1,3,16,-1.148e-07
8,1,3,17,-1.238e-07
8,1,3,20,8.157e-08
8,1,4,4,-1.021e-06
8,1,4,5,-9.562e-07
8,1,4,6,-6.485e-07
8,1,4,7,-5.027e-07
8,1,4,8,-3.375e-07
8,1,4,9,-8.363e-08
8,1,4,11,-8.864e-08
8,1,4,16,-6.311e-08
8,1,4,18,1.054e-07
8,1,4,20,8.265e-08
8,1,5,5,-1.199e-06
8,1,5,6,-8.695e-07
8,1,5,7,-4.835e-07
8,1,5,8,-4.266e-07
8,1,5,9,-4.119e-07
8,1,5,10,-2.204e-07
8,1,5,11,-1.688e-07
8,1,5,12,-1.306e-07
8,1,5,13,-1.348e-07
8,1,5,14,-7.268e-08
8,1,5,15,-8.695e-08
8,1,5,16,-7.46e-08
8,1,5,17,-6.108e-08
8,1,5,19,-5.328e-08
8,1,6,6,-9.916e-07
8,1,6,7,-5.94e-07
8,1,6,8,-4.23e-07
8,1,6,9,-7.045e-08
8,1,6,10,6.421e-08
8,1,6,16,-6.591e-08
8,1,6,18,7.656e-08
8,1,6,20,9.226e-08
8,1,7,7,-9.503e-07
8,1,7,8,-5.807e-07
8,1,7,9,-2.25e-07
8,1,7,10,-1.451e-07
8,1,7,11,-1.07e-07
8,1,7,12,-6.405e-08
8,1,7,13,-5.047e-08
8,1,7,18,1.421e-07
8,1,7,19,8.104e-08
8,1,7,20,1.354e-07
8,1,8,8,-9.314e-07
8,1,8,9,-3.897e-07
8,1,8,10,-3.793e-07
8,1,8,11,-2.697e-07
8,1,8,12,-1.694e-07
8,1,8,13,-1.193e-07
8,1,8,14,-8.065e-08
8,1,8,15,-5.586e-08
8,1,8,16,-6.843e-08
8,1,8,17,-1.453e-07
8,1,9,9,-6.832e-07
8,1,9,10,-1.703e-07
8,1,9,11,-7.235e-08
8,1,9,13,-9.968e-08
8,1,9,14,-7.223e-08
8,1,9,16,-7.037e-08
8,1,10,10,-6.992e-07
8,1,10,11,-3.129e-07
8,1,10,12,-1.663e-07
8,1,10,13,-2.606e-07
8,1,10,14,-1.784e-07
8,1,10,15,-1.369e-07
8,1,10,16,-8.851e-08
8,1,10,17,-7.752e-08
8,1,11,11,-8.114e-07
8,1,11,12,-4.079e-07
8,1,11,13,-3.74e-07
8,1,11,14,-2.322e-07
8,1,11,15,-1.89e-07
8,1,11,16,-1.312e-07
8,1,11,17,-1.434e-07
8,1,12,12,-7.674e-07
8,1,12,13,-4.571e-07
8,1,12,14,-3.555e-07
8,1,12,15,-2.691e-07
8,1,12,16,-2.011e-07
8,1,12,17,-1.925e-07
8,1,13,13,-8.722e-07
8,1,13,14,-5.191e-07
8,1,13,15,-4.123e-07
8,1,13,16,-3.36e-07
8,1,13,17,-1.86e-07
8,1,13,18,-6.656e-08
8,1,13,19,-8.747e-08
8,1,14,14,-8.478e-07
8,1,14,15,-5.337e-07
8,1,14,16,-3.212e-07
8,1,14,17,-2.065e-07
8,1,14,18,-1.33e-07
8,1,14,19,-1.041e-07
8,1,14,20,-5.751e-08
8,1,15,15,-8.601e-07
8,1,15,16,-6.275e-07
8,1,15,17,-3.71e-07
8,1,15,18,-1.06e-07
8,1,15,19,-8.886e-08
8,1,15,21,-6.209e-08
8,1,16,16,-1.033e-06
8,1,16,17,-6.913e-07
8,1,16,18,-4.308e-07
8,1,16,19,-2.879e-07
8,1,16,20,-1.988e-07
8,1,16,21,-1.436e-07
8,1,17,17,-1.024e-06
8,1,17,18,-5.544e-07
8,1,17,19,-3.697e-07
8,1,17,20,-1.899e-07
8,1,17,21,-1.831e-07
8,1,18,18,-8.211e-07
8,1,18,19,-4.752e-07
8,1,18,20,-2.172e-07
8,1,18,21,-1.972e-07
8,1,19,19,-8.192e-07
8,1,19,20,-2.61e-07
8,1,19,21,-1.55e-07
8,1,20,20,-6.631e-07
8,1,20,21,-2.191e-07
9,1,1,1,-9.31e-07
9,1,1,2,-6.536e-07
9,1,1,3,-4.529e-07
9,1,1,4,-2.67e-07
9,1,1,5,-2.132e-07
9,1,1,6,-1.829e-07
9,1,1,7,-1.644e-07
9,1,1,8,-1.035e-07
9,1,1,9,1.126e-07
9,1,1,10,1.116e-07
9,1,1,12,7.413e-08
9,1,1,18,5.194e-08
9,1,1,20,5.648e-08
9,1,2,2,-1.021e-06
9,1,2,3,-7.791e-07
9,1,2,4,-4.819e-07
9,1,2,5,-3.509e-07
9,1,2,6,-2.761e-07
9,1,2,7,-2.3e-07
9,1,2,8,-1.535e-07
9,1,2,9,8.086e-08
9,1,2,10,1.034e-07
9,1,2,18,1.368e-07
9,1,2,19,7.43e-08
9,1,2,20,1.096e-07
9,1,3,3,-1.034e-06
9,1,3,4,-7.281e-07
9,1,3,5,-5.151e-07
9,1,3,6,-3.63e-07
9,1,3,7,-2.912e-07
9,1,3,8,-1.902e-07
9,1,3,9,-1.564e-07
9,1,3,10,-5.723e-08
9,1,3,13,-8.684e-08
9,1,3,14,-5.72e-08
9,1,3,16,-9.217e-08
9,1,3,20,5.568e-08
9,1,4,4,-1.006e-06
9,1,4,5,-9.492e-07
9,1,4,6,-6.451e-07
9,1,4,7,-5.01e-07
9,1,4,8,-3.363e-07
9,1,4,9,-8.08e-08
9,1,4,11,-8.56e-08
9,1,4,16,-6.205e-08
9,1,4,18,1.058e-07
9,1,4,20,8.296e-08
9,1,5,5,-1.184e-06
9,1,5,6,-8.568e-07
9,1,5,7,-4.799e-07
9,1,5,8,-3.296e-07
9,1,5,9,-2.041e-07
9,1,5,10,-1.425e-07
9,1,5,11,-1.711e-07
9,1,5,12,-7.175e-08
9,1,5,13,-6.152e-08
9,1,5,16,-8.742e-08
9,1,6,6,-9.756e-07
9,1,6,7,-5.856e-07
9,1,6,8,-4.307e-07
9,1,6,9,-8.218e-08
9,1,6,18,5.58e-08
9,1,6,19,1.177e-07
9,1,6,20,1.126e-07
9,1,6,21,7.015e-08
9,1,7,7,-9.314e-07
9,1,7,8,-5.74e-07
9,1,7,9,-2.185e-07
9,1,7,10,-1.4e-07
9,1,7,11,-1.057e-07
9,1,7,12,-5.882e-08
9,1,7,18,1.418e-07
9,1,7,19,7.994e-08
9,1,7,20,1.322e-07
9,1,8,8,-9.153e-07
9,1,8,9,-3.83e-07
9,1,8,10,-3.733e-07
9,1,8,11,-2.69e-07
9,1,8,12,-1.677e-07
9,1,8,13,-1.185e-07
9,1,8,14,-7.985e-08
9,1,8,15,-5.561e-08
9,1,8,16,-6.964e-08
9,1,8,17,-1.476e-07
9,1,9,9,-6.64e-07
9,1,9,10,-1.49e-07
9,1,9,11,-8.08e-08
9,1,9,19,1.318e-07
9,1,9,20,1.322e-07
9,1,9,21,1.021e-07
9,1,10,10,-6.829e-07
9,1,10,11,-3.042e-07
9,1,10,12,-1.619e-07
9,1,10,13,-2.57e-07
9,1,10,14,-1.771e-07
9,1,10,15,-1.355e-07
9,1,10,16,-8.785e-08
9,1,10,17,-7.658e-08
9,1,11,11,-7.948e-07
9,1,11,12,-4.034e-07
9,1,11,13,-3.652e-07
9,1,11,14,-2.252e-07
9,1,11,15,-1.846e-07
9,1,11,16,-1.333e-07
9,1,11,17,-1.434e-07
9,1,12,12,-7.511e-07
9,1,12,13,-4.499e-07
9,1,12,14,-3.478e-07
9,1,12,15,-2.612e-07
9,1,12,16,-2.121e-07
9,1,12,17,-2.054e-07
9,1,13,13,-8.567e-07
9,1,13,14,-5.121e-07
9,1,13,15,-4.07e-07
9,1,13,16,-3.34e-07
9,1,13,17,-1.835e-07
9,1,13,18,-6.481e-08
9,1,13,19,-8.567e-08
9,1,14,14,-8.32e-07
9,1,14,15,-5.26e-07
9,1,14,16,-3.16e-07
9,1,14,17,-2.037e-07
9,1,14,18,-1.331e-07
9,1,14,19,-1.038e-07
9,1,14,20,-6.08e-08
9,1,15,15,-8.451e-07
9,1,15,16,-6.187e-07
9,1,15,17,-3.695e-07
9,1,15,18,-1.009e-07
9,1,15,19,-8.251e-08
9,1,15,21,-5.882e-08
9,1,16,16,-1.015e-06
9,1,16,17,-6.853e-07
9,1,16,18,-4.276e-07
9,1,16,19,-2.882e-07
9,1,16,20,-1.999e-07
9,1,16,21,-1.46e-07
9,1,17,17,-9.281e-07
9,1,17,18,-5.577e-07
9,1,17,19,-3.476e-07
9,1,17,20,-2.448e-07
9,1,17,21,-1.755e-07
9,1,18,18,-8.051e-07
9,1,18,19,-4.246e-07
9,1,18,20,-2.331e-07
9,1,18,21,-1.612e-07
9,1,19,19,-8.034e-07
9,1,19,20,-2.536e-07
9,1,19,21,-1.498e-07
9,1,20,20,-6.468e-07
9,1,20,21,-2.107e-07
10,1,1,1,-9.669e-07
10,1,1,2,-6.682e-07
10,1,1,3,-4.578e-07
10,1,1,4,-2.708e-07
10,1,1,5,-2.138e-07
10,1,1,6,-1.851e-07
10,1,1,7,-1.662e-07
10,1,1,8,-1.06e-07
10,1,1,9,1.131e-07
10,1,1,10,1.131e-07
10,1,1,12,6.881e-08
10,1,1,18,5.309e-08
10,1,1,20,5.745e-08
10,1,1,21,5.032e-08
10,1,2,2,-1.056e-06
10,1,2,3,-7.929e-07
10,1,2,4,-4.895e-07
10,1,2,5,-3.493e-07
10,1,2,6,-2.733e-07
10,1,2,7,-2.19e-07
10,1,2,8,-2.343e-07
10,1,2,10,5.926e-08
10,1,2,13,-8.988e-08
10,1,2,14,-6.827e-08
10,1,2,16,-7.454e-08
10,1,3,3,-1.066e-06
10,1,3,4,-7.457e-07
10,1,3,5,-5.174e-07
10,1,3,6,-3.567e-07
10,1,3,7,-2.706e-07
10,1,3,8,-1.606e-07
10,1,3,18,1.191e-07
10,1,3,19,5.672e-08
10,1,3,20,9.161e-08
10,1,4,4,-1.04e-06
10,1,4,5,-9.646e-07
10,1,4,6,-6.498e-07
10,1,4,7,-5.024e-07
10,1,4,8,-3.373e-07
10,1,4,9,-8.486e-08
10,1,4,10,-5.217e-08
10,1,4,11,-9.066e-08
10,1,4,16,-6.268e-08
10,1,4,18,1.068e-07
10,1,4,20,8.48e-08
10,1,5,5,-1.217e-06
10,1,5,6,-8.89e-07
10,1,5,7,-4.857e-07
10,1,5,8,-4.024e-07
10,1,5,9,-6.342e-08
10,1,6,6,-1.01e-06
10,1,6,7,-6.077e-07
10,1,6,8,-4.348e-07
10,1,6,9,-2.24e-07
10,1,6,10,-8.771e-08
10,1,6,11,-6.168e-08
10,1,6,12,-5.24e-08
10,1,6,13,-7.142e-08
10,1,7,7,-9.726e-07
10,1,7,8,-5.88e-07
10,1,7,9,-2.301e-07
10,1,7,10,-1.483e-07
10,1,7,11,-1.061e-07
10,1,7,12,-6.865e-08
10,1,7,13,-5.419e-08
10,1,8,8,-9.501e-07
10,1,8,9,-3.969e-07
10,1,8,10,-3.848e-07
10,1,8,11,-2.678e-07
10,1,8,12,-1.695e-07
10,1,8,13,-2.524e-07
10,1,8,14,-1.555e-07
10,1,8,15,-1.428e-07
10,1,8,16,-1.346e-07
10,1,8,17,-1.555e-07
10,1,8,20,5.983e-08
10,1,9,9,-7.048e-07
10,1,9,10,-1.814e-07
10,1,9,11,-8.331e-08
10,1,9,16,-7.418e-08
10,1,9,18,7.333e-08
10,1,9,20,9.18e-08
10,1,10,10,-7.185e-07
10,1,10,11,-3.225e-07
10,1,10,12,-1.69e-07
10,1,10,13,-2.617e-07
10,1,10,14,-1.764e-07
10,1,10,15,-1.358e-07
10,1,10,16,-8.746e-08
10,1,10,17,-7.703e-08
10,1,11,11,-8.308e-07
10,1,11,12,-4.115e-07
10,1,11,13,-3.75e-07
10,1,11,14,-2.317e-07
10,1,11,15,-1.822e-07
10,1,11,16,-1.421e-07
10,1,11,17,-1.388e-07
10,1,11,20,6.508e-08
10,1,12,12,-7.87e-07
10,1,12,13,-4.653e-07
10,1,12,14,-3.609e-07
10,1,12,15,-2.754e-07
10,1,12,16,-1.907e-07
10,1,12,17,-1.459e-07
10,1,12,18,-6.685e-08
10,1,12,19,-9.91e-08
10,1,12,21,-7.146e-08
10,1,13,13,-8.907e-07
10,1,13,14,-5.27e-07
10,1,13,15,-4.161e-07
10,1,13,16,-3.358e-07
10,1,13,17,-1.876e-07
10,1,13,18,-6.72e-08
10,1,13,19,-8.916e-08
10,1,14,14,-8.67e-07
10,1,14,15,-5.423e-07
10,1,14,16,-3.246e-07
10,1,14,17,-2.068e-07
10,1,14,20,6.963e-08
10,1,15,15,-8.778e-07
10,1,15,16,-6.38e-07
10,1,15,17,-3.686e-07
10,1,15,18,-2.237e-07
10,1,15,19,-1.449e-07
10,1,15,20,-8.488e-08
10,1,16,16,-1.054e-06
10,1,16,17,-6.977e-07
10,1,16,18,-4.306e-07
10,1,16,19,-2.826e-07
10,1,16,20,-1.926e-07
10,1,16,21,-1.372e-07
10,1,17,17,-1.045e-06
10,1,17,18,-5.628e-07
10,1,17,19,-3.708e-07
10,1,17,20,-1.927e-07
10,1,17,21,-1.848e-07
10,1,18,18,-8.403e-07
10,1,18,19,-4.828e-07
10,1,18,20,-2.229e-07
10,1,18,21,-1.999e-07
10,1,19,19,-8.379e-07
10,1,19,20,-2.69e-07
10,1,19,21,-1.579e-07
10,1,20,20,-6.824e-07
10,1,20,21,-2.285e-07
11,1,1,1,-9.509e-07
11,1,1,2,-6.616e-07
11,1,1,3,-4.544e-07
11,1,1,4,-2.679e-07
11,1,1,5,-2.125e-07
11,1,1,6,-1.834e-07
11,1,1,7,-1.655e-07
11,1,1,8,-1.046e-07
11,1,1,9,1.132e-07
11,1,1,10,1.117e-07
11,1,1,12,7.085e-08
11,1,1,18,5.145e-08
11,1,1,20,5.603e-08
11,1,2,2,-1.04e-06
11,1,2,3,-7.866e-07
11,1,2,4,-4.851e-07
11,1,2,5,-3.483e-07
11,1,2,6,-2.733e-07
11,1,2,7,-2.242e-07
11,1,2,8,-2.184e-07
11,1,2,9,-1.89e-07
11,1,2,10,-1.069e-07
11,1,2,11,-9.659e-08
11,1,2,12,-7.3e-08
11,1,2,13,-1.489e-07
11,1,2,14,-7.205e-08
11,1,2,15,-8.767e-08
11,1,2,16,-1.131e-07
11,1,2,17,-1.217e-07
11,1,2,20,7.112e-08
11,1,3,3,-1.051e-06
11,1,3,4,-7.371e-07
11,1,3,5,-5.154e-07
11,1,3,6,-3.578e-07
11,1,3,7,-2.675e-07
11,1,3,8,-3.141e-07
11,1,3,9,-2.25e-07
11,1,3,10,-1.458e-07
11,1,3,11,-1.367e-07
11,1,3,13,-1.887e-07
11,1,3,14,-1.163e-07
11,1,3,15,-1.11e-07
11,1,3,16,-1.057e-07
11,1,3,17,-1.12e-07
11,1,3,20,6.614e-08
11,1,4,4,-1.024e-06
11,1,4,5,-9.574e-07
11,1,4,6,-6.463e-07
11,1,4,7,-5.006e-07
11,1,4,8,-3.36e-07
11,1,4,9,-8.292e-08
11,1,4,11,-8.882e-08
11,1,4,16,-6.297e-08
11,1,4,18,1.058e-07
11,1,4,20,8.311e-08
11,1,5,5,-1.201e-06
11,1,5,6,-8.715e-07
11,1,5,7,-4.811e-07
11,1,5,8,-4.194e-07
11,1,5,9,-4.016e-07
11,1,5,10,-2.122e-07
11,1,5,11,-1.695e-07
11,1,5,12,-1.248e-07
11,1,5,13,-1.296e-07
11,1,5,14,-6.868e-08
11,1,5,15,-8.242e-08
11,1,5,16,-7.898e-08
11,1,5,17,-5.209e-08
11,1,5,18,1.069e-07
11,1,5,19,9.341e-08
11,1,5,20,8.368e-08
11,1,5,21,5.967e-08
11,1,6,6,-9.942e-07
11,1,6,7,-5.962e-07
11,1,6,8,-4.036e-07
11,1,6,9,-2.023e-07
11,1,6,10,-1.15e-07
11,1,6,11,-8.137e-08
11,1,6,12,-6.869e-08
11,1,6,13,-5.47e-08
11,1,7,7,-9.535e-07
11,1,7,8,-5.811e-07
11,1,7,9,-2.239e-07
11,1,7,10,-1.439e-07
11,1,7,11,-1.051e-07
11,1,7,12,-6.431e-08
11,1,7,13,-5.065e-08
11,1,8,8,-9.338e-07
11,1,8,9,-3.902e-07
11,1,8,10,-3.787e-07
11,1,8,11,-2.672e-07
11,1,8,12,-1.678e-07
11,1,8,13,-1.178e-07
11,1,8,14,-7.961e-08
11,1,8,15,-5.492e-08
11,1,8,16,-1.822e-07
11,1,8,17,-8.437e-08
11,1,8,19,-6.125e-08
11,1,9,9,-6.868e-07
11,1,9,10,-1.726e-07
11,1,9,11,-7.295e-08
11,1,9,13,-9.604e-08
11,1,9,14,-6.896e-08
11,1,9,16,-6.887e-08
11,1,10,10,-7.019e-07
11,1,10,11,-3.139e-07
11,1,10,12,-1.644e-07
11,1,10,13,-2.588e-07
11,1,10,14,-1.759e-07
11,1,10,15,-1.352e-07
11,1,10,16,-8.702e-08
11,1,10,17,-7.669e-08
11,1,11,11,-8.139e-07
11,1,11,12,-4.07e-07
11,1,11,13,-3.728e-07
11,1,11,14,-2.311e-07
11,1,11,15,-1.869e-07
11,1,11,16,-1.297e-07
11,1,11,17,-1.431e-07
11,1,11,20,5.251e-08
11,1,12,12,-7.702e-07
11,1,12,13,-4.576e-07
11,1,12,14,-3.548e-07
11,1,12,15,-2.691e-07
11,1,12,16,-1.94e-07
11,1,12,17,-1.857e-07
11,1,13,13,-8.748e-07
11,1,13,14,-5.196e-07
11,1,13,15,-4.108e-07
11,1,13,16,-3.336e-07
11,1,13,17,-1.847e-07
11,1,13,18,-6.538e-08
11,1,13,19,-8.695e-08
11,1,14,14,-8.507e-07
11,1,14,15,-5.345e-07
11,1,14,16,-3.194e-07
11,1,14,17,-2.045e-07
11,1,14,18,-1.303e-07
11,1,14,19,-1.021e-07
11,1,14,20,-5.424e-08
11,1,15,15,-8.625e-07
11,1,15,16,-6.29e-07
11,1,15,17,-3.677e-07
11,1,15,18,-1.054e-07
11,1,15,19,-8.969e-08
11,1,15,21,-6.19e-08
11,1,16,16,-1.036e-06
11,1,16,17,-6.918e-07
11,1,16,18,-4.285e-07
11,1,16,19,-2.843e-07
11,1,16,20,-1.956e-07
11,1,16,21,-1.405e-07
11,1,17,17,-1.027e-06
11,1,17,18,-5.553e-07
11,1,17,19,-3.675e-07
11,1,17,20,-1.885e-07
11,1,17,21,-1.818e-07
11,1,18,18,-8.237e-07
11,1,18,19,-4.758e-07
11,1,18,20,-2.166e-07
11,1,18,21,-1.958e-07
11,1,19,19,-8.217e-07
11,1,19,20,-2.615e-07
11,1,19,21,-1.532e-07
11,1,20,20,-6.657e-07
11,1,20,21,-2.201e-07
12,1,1,1,-9.35e-07
12,1,1,2,-6.55e-07
12,1,1,3,-4.512e-07
12,1,1,4,-2.653e-07
12,1,1,5,-2.112e-07
12,1,1,6,-1.815e-07
12,1,1,7,-1.636e-07
12,1,1,8,-1.029e-07
12,1,1,9,1.132e-07
12,1,1,10,1.122e-07
12,1,1,12,7.439e-08
12,1,1,18,5.208e-08
12,1,1,20,5.66e-08
12,1,2,2,-1.024e-06
12,1,2,3,-7.8e-07
12,1,2,4,-4.804e-07
12,1,2,5,-3.481e-07
12,1,2,6,-2.74e-07
12,1,2,7,-2.278e-07
12,1,2,8,-1.518e-07
12,1,2,9,-1.349e-07
12,1,2,13,-8.359e-08
12,1,2,16,-7.761e-08
12,1,2,18,1.077e-07
12,1,2,19,6.103e-08
12,1,2,20,1.012e-07
12,1,3,3,-1.036e-06
12,1,3,4,-7.294e-07
12,1,3,5,-5.132e-07
12,1,3,6,-3.593e-07
12,1,3,7,-2.837e-07
12,1,3,8,-2.531e-07
12,1,3,9,-2.156e-07
12,1,3,10,-1.293e-07
12,1,3,11,-1.162e-07
12,1,3,12,-6.322e-08
12,1,3,13,-1.413e-07
12,1,3,14,-7.225e-08
12,1,3,15,-7.726e-08
12,1,3,16,-8.463e-08
12,1,3,17,-9.408e-08
12,1,3,20,8.02e-08
12,1,4,4,-1.008e-06
12,1,4,5,-9.504e-07
12,1,4,6,-6.428e-07
12,1,4,7,-4.987e-07
12,1,4,8,-3.347e-07
12,1,4,9,-8.037e-08
12,1,4,11,-8.618e-08
12,1,4,16,-6.242e-08
12,1,4,18,1.056e-07
12,1,4,20,8.273e-08
12,1,5,5,-1.185e-06
12,1,5,6,-8.574e-07
12,1,5,7,-4.777e-07
12,1,5,8,-4.305e-07
12,1,5,9,-4.202e-07
12,1,5,10,-2.288e-07
12,1,5,11,-1.644e-07
12,1,5,12,-1.364e-07
12,1,5,13,-1.41e-07
12,1,5,14,-7.778e-08
12,1,5,15,-9.396e-08
12,1,5,16,-6.982e-08
12,1,5,17,-7.044e-08
12,1,5,19,-6.558e-08
12,1,5,21,-5.33e-08
12,1,6,6,-9.779e-07
12,1,6,7,-5.869e-07
12,1,6,8,-4.232e-07
12,1,6,9,-7.464e-08
12,1,6,10,5.748e-08
12,1,6,16,-6.074e-08
12,1,6,18,7.338e-08
12,1,6,20,8.465e-08
12,1,7,7,-9.341e-07
12,1,7,8,-5.746e-07
12,1,7,9,-2.176e-07
12,1,7,10,-1.392e-07
12,1,7,11,-1.038e-07
12,1,7,12,-5.937e-08
12,1,7,18,1.424e-07
12,1,7,19,8.075e-08
12,1,7,20,1.341e-07
12,1,8,8,-9.17e-07
12,1,8,9,-3.836e-07
12,1,8,10,-3.726e-07
12,1,8,11,-2.666e-07
12,1,8,12,-1.66e-07
12,1,8,13,-1.171e-07
12,1,8,14,-7.888e-08
12,1,8,15,-5.474e-08
12,1,8,16,-6.847e-08
12,1,8,17,-1.462e-07
12,1,9,9,-6.673e-07
12,1,9,10,-1.585e-07
12,1,9,11,-6.638e-08
12,1,9,19,1.372e-07
12,1,9,20,1.425e-07
12,1,9,21,1.071e-07
12,1,10,10,-6.849e-07
12,1,10,11,-3.054e-07
12,1,10,12,-1.599e-07
12,1,10,13,-2.554e-07
12,1,10,14,-1.749e-07
12,1,10,15,-1.341e-07
12,1,10,16,-8.641e-08
12,1,10,17,-7.592e-08
12,1,11,11,-7.967e-07
12,1,11,12,-4.025e-07
12,1,11,13,-3.65e-07
12,1,11,14,-2.249e-07
12,1,11,15,-1.841e-07
12,1,11,16,-1.298e-07
12,1,11,17,-1.413e-07
12,1,12,12,-7.532e-07
12,1,12,13,-4.501e-07
12,1,12,14,-3.477e-07
12,1,12,15,-2.618e-07
12,1,12,16,-2.025e-07
12,1,12,17,-1.954e-07
12,1,13,13,-8.587e-07
12,1,13,14,-5.125e-07
12,1,13,15,-4.054e-07
12,1,13,16,-3.315e-07
12,1,13,17,-1.821e-07
12,1,13,18,-6.36e-08
12,1,13,19,-8.505e-08
12,1,14,14,-8.342e-07
12,1,14,15,-5.268e-07
12,1,14,16,-3.142e-07
12,1,14,17,-2.018e-07
12,1,14,18,-1.307e-07
12,1,14,19,-1.023e-07
12,1,14,20,-5.799e-08
12,1,15,15,-8.469e-07
12,1,15,16,-6.202e-07
12,1,15,17,-3.664e-07
12,1,15,18,-1.002e-07
12,1,15,19,-8.305e-08
12,1,15,21,-5.906e-08
12,1,16,16,-1.018e-06
12,1,16,17,-6.859e-07
12,1,16,18,-4.257e-07
12,1,16,19,-2.852e-07
12,1,16,20,-1.973e-07
12,1,16,21,-1.432e-07
12,1,17,17,-9.299e-07
12,1,17,18,-5.583e-07
12,1,17,19,-3.463e-07
12,1,17,20,-2.432e-07
12,1,17,21,-1.746e-07
12,1,18,18,-8.071e-07
12,1,18,19,-4.252e-07
12,1,18,20,-2.309e-07
12,1,18,21,-1.595e-07
12,1,19,19,-8.053e-07
12,1,19,20,-2.541e-07
12,1,19,21,-1.48e-07
12,1,20,20,-6.488e-07
12,1,20,21,-2.117e-07
13,1,1,1,-9.713e-07
13,1,1,2,-6.698e-07
13,1,1,3,-4.564e-07
13,1,1,4,-2.694e-07
13,1,1,5,-2.121e-07
13,1,1,6,-1.835e-07
13,1,1,7,-1.653e-07
13,1,1,8,-1.053e-07
13,1,1,9,1.137e-07
13,1,1,10,1.14e-07
13,1,1,12,6.968e-08
13,1,1,18,5.358e-08
13,1,1,20,5.79e-08
13,1,1,21,5.04e-08
13,1,2,2,-1.059e-06
13,1,2,3,-7.936e-07
13,1,2,4,-4.878e-07
13,1,2,5,-3.471e-07
13,1,2,6,-2.714e-07
13,1,2,7,-2.17e-07
13,1,2,8,-2.368e-07
13,1,2,9,-2.067e-07
13,1,2,10,-1.437e-07
13,1,2,11,-9.376e-08
13,1,2,12,-8.08e-08
13,1,2,13,-1.498e-07
13,1,2,14,-7.157e-08
13,1,2,15,-8.772e-08
13,1,2,16,-1.29e-07
13,1,2,20,7.648e-08
13,1,3,3,-1.069e-06
13,1,3,4,-7.477e-07
13,1,3,5,-5.158e-07
13,1,3,6,-3.539e-07
13,1,3,7,-2.717e-07
13,1,3,8,-1.62e-07
13,1,3,18,1.182e-07
13,1,3,19,5.654e-08
13,1,3,20,9.073e-08
13,1,4,4,-1.043e-06
13,1,4,5,-9.655e-07
13,1,4,6,-6.475e-07
13,1,4,7,-5.004e-07
13,1,4,8,-3.358e-07
13,1,4,9,-8.351e-08
13,1,4,10,-5.174e-08
13,1,4,11,-9.044e-08
13,1,4,16,-6.236e-08
13,1,4,18,1.073e-07
13,1,4,20,8.557e-08
13,1,5,5,-1.219e-06
13,1,5,6,-8.916e-07
13,1,5,7,-4.866e-07
13,1,5,8,-3.911e-07
13,1,5,9,-5.397e-08
13,1,5,16,-6.227e-08
13,1,5,17,-1.087e-07
13,1,5,18,6.999e-08
13,1,5,20,1.04e-07
13,1,6,6,-1.013e-06
13,1,6,7,-6.106e-07
13,1,6,8,-4.562e-07
13,1,6,9,-2.078e-07
13,1,6,10,-7.978e-08
13,1,6,11,-6.521e-08
13,1,6,13,-6.458e-08
13,1,6,16,-5.626e-08
13,1,6,17,-9.568e-08
13,1,6,18,5.811e-08
13,1,6,20,8.088e-08
13,1,7,7,-9.754e-07
13,1,7,8,-5.881e-07
13,1,7,9,-2.284e-07
13,1,7,10,-1.465e-07
13,1,7,11,-1.039e-07
13,1,7,12,-6.823e-08
13,1,7,13,-5.393e-08
13,1,8,8,-9.525e-07
13,1,8,9,-3.97e-07
13,1,8,10,-3.838e-07
13,1,8,11,-2.652e-07
13,1,8,12,-1.678e-07
13,1,8,13,-2.507e-07
13,1,8,14,-1.542e-07
13,1,8,15,-1.418e-07
13,1,8,16,-1.34e-07
13,1,8,17,-1.55e-07
13,1,8,20,6.013e-08
13,1,9,9,-7.076e-07
13,1,9,10,-1.815e-07
13,1,9,11,-8.336e-08
13,1,9,16,-7.592e-08
13,1,9,18,7.133e-08
13,1,9,20,8.932e-08
13,1,10,10,-7.211e-07
13,1,10,11,-3.233e-07
13,1,10,12,-1.672e-07
13,1,10,13,-2.594e-07
13,1,10,14,-1.734e-07
13,1,10,15,-1.337e-07
13,1,10,16,-8.591e-08
13,1,10,17,-7.576e-08
13,1,11,11,-8.333e-07
13,1,11,12,-4.104e-07
13,1,11,13,-3.688e-07
13,1,11,14,-2.236e-07
13,1,11,15,-1.747e-07
13,1,11,16,-1.478e-07
13,1,11,17,-1.363e-07
13,1,11,20,6.106e-08
13,1,12,12,-7.899e-07
13,1,12,13,-4.658e-07
13,1,12,14,-3.592e-07
13,1,12,15,-2.743e-07
13,1,12,16,-1.877e-07
13,1,12,17,-1.464e-07
13,1,12,18,-6.743e-08
13,1,12,19,-1.005e-07
13,1,12,21,-7.274e-08
13,1,13,13,-8.933e-07
13,1,13,14,-5.274e-07
13,1,13,15,-4.146e-07
13,1,13,16,-3.334e-07
13,1,13,17,-1.863e-07
13,1,13,18,-6.601e-08
13,1,13,19,-8.876e-08
13,1,14,14,-8.7e-07
13,1,14,15,-5.43e-07
13,1,14,16,-3.227e-07
13,1,14,17,-2.045e-07
13,1,14,20,6.984e-08
13,1,15,15,-8.803e-07
13,1,15,16,-6.39e-07
13,1,15,17,-3.651e-07
13,1,15,18,-2.216e-07
13,1,15,19,-1.423e-07
13,1,15,20,-8.402e-08
13,1,16,16,-1.056e-06
13,1,16,17,-6.977e-07
13,1,16,18,-4.271e-07
13,1,16,19,-2.787e-07
13,1,16,20,-1.889e-07
13,1,16,21,-1.339e-07
13,1,17,17,-1.048e-06
13,1,17,18,-5.634e-07
13,1,17,19,-3.683e-07
13,1,17,20,-1.912e-07
13,1,17,21,-1.837e-07
13,1,18,18,-8.43e-07
13,1,18,19,-4.831e-07
13,1,18,20,-2.218e-07
13,1,18,21,-1.983e-07
13,1,19,19,-8.405e-07
13,1,19,20,-2.692e-07
13,1,19,21,-1.556e-07
13,1,20,20,-6.851e-07
13,1,20,21,-2.292e-07
14,1,1,1,-9.547e-07
14,1,1,2,-6.629e-07
14,1,1,3,-4.528e-07
14,1,1,4,-2.664e-07
14,1,1,5,-2.107e-07
14,1,1,6,-1.819e-07
14,1,1,7,-1.646e-07
14,1,1,8,-1.04e-07
14,1,1,9,1.138e-07
14,1,1,10,1.127e-07
14,1,1,12,7.155e-08
14,1,1,18,5.2e-08
14,1,1,20,5.652e-08
14,1,2,2,-1.042e-06
14,1,2,3,-7.872e-07
14,1,2,4,-4.834e-07
14,1,2,5,-3.459e-07
14,1,2,6,-2.714e-07
14,1,2,7,-2.221e-07
14,1,2,8,-2.183e-07
14,1,2,9,-5.966e-08
14,1,2,13,-8.253e-08
14,1,2,14,-5.413e-08
14,1,2,16,-8.471e-08
14,1,2,17,-1.312e-07
14,1,2,18,-5.772e-08
14,1,2,19,-6.945e-08
14,1,3,3,-1.053e-06
14,1,3,4,-7.386e-07
14,1,3,5,-5.135e-07
14,1,3,6,-3.543e-07
14,1,3,7,-2.642e-07
14,1,3,8,-1.514e-07
14,1,3,18,1.2e-07
14,1,3,19,5.745e-08
14,1,3,20,9.193e-08
14,1,4,4,-1.027e-06
14,1,4,5,-9.582e-07
14,1,4,6,-6.44e-07
14,1,4,7,-4.985e-07
14,1,4,8,-3.345e-07
14,1,4,9,-8.196e-08
14,1,4,11,-8.88e-08
14,1,4,16,-6.271e-08
14,1,4,18,1.062e-07
14,1,4,20,8.373e-08
14,1,5,5,-1.203e-06
14,1,5,6,-8.737e-07
14,1,5,7,-4.787e-07
14,1,5,8,-4.105e-07
14,1,5,9,-3.866e-07
14,1,5,10,-2.03e-07
14,1,5,11,-1.729e-07
14,1,5,12,-1.176e-07
14,1,5,13,-1.227e-07
14,1,5,14,-6.314e-08
14,1,5,15,-7.579e-08
14,1,5,16,-8.871e-08
14,1,5,17,-1.23e-07
14,1,5,20,7.223e-08
14,1,6,6,-9.963e-07
14,1,6,7,-5.985e-07
14,1,6,8,-3.902e-07
14,1,6,9,-1.509e-07
14,1,6,10,-9.691e-08
14,1,6,11,-8.291e-08
14,1,6,13,-1.47e-07
14,1,6,14,-7.168e-08
14,1,6,15,-8.11e-08
14,1,6,16,-1.115e-07
14,1,6,17,-1.114e-07
14,1,6,18,-7.806e-08
14,1,6,19,-5.374e-08
14,1,7,7,-9.558e-07
14,1,7,8,-5.811e-07
14,1,7,9,-2.222e-07
14,1,7,10,-1.424e-07
14,1,7,11,-1.029e-07
14,1,7,12,-6.423e-08
14,1,7,13,-5.06e-08
14,1,8,8,-9.355e-07
14,1,8,9,-3.902e-07
14,1,8,10,-3.777e-07
14,1,8,11,-2.645e-07
14,1,8,12,-1.66e-07
14,1,8,13,-2.505e-07
14,1,8,14,-1.542e-07
14,1,8,15,-1.418e-07
14,1,8,16,-1.335e-07
14,1,8,17,-1.544e-07
14,1,8,20,5.96e-08
14,1,9,9,-6.895e-07
14,1,9,10,-1.735e-07
14,1,9,11,-7.352e-08
14,1,9,13,-1.099e-07
14,1,9,14,-8.55e-08
14,1,9,15,-5.227e-08
14,1,9,17,-1.238e-07
14,1,9,18,5.447e-08
14,1,9,19,5.157e-08
14,1,10,10,-7.039e-07
14,1,10,11,-3.146e-07
14,1,10,12,-1.624e-07
14,1,10,13,-2.567e-07
14,1,10,14,-1.732e-07
14,1,10,15,-1.334e-07
14,1,10,16,-8.545e-08
14,1,10,17,-7.57e-08
14,1,11,11,-8.158e-07
14,1,11,12,-4.058e-07
14,1,11,13,-3.707e-07
14,1,11,14,-2.291e-07
14,1,11,15,-1.838e-07
14,1,11,16,-1.298e-07
14,1,11,17,-1.426e-07
14,1,12,12,-7.724e-07
14,1,12,13,-4.577e-07
14,1,12,14,-3.536e-07
14,1,12,15,-2.687e-07
14,1,12,16,-1.886e-07
14,1,12,17,-1.403e-07
14,1,12,18,-6.163e-08
14,1,12,19,-9.354e-08
14,1,12,21,-6.709e-08
14,1,13,13,-8.769e-07
14,1,13,14,-5.198e-07
14,1,13,15,-4.09e-07
14,1,13,16,-3.312e-07
14,1,13,17,-1.833e-07
14,1,13,18,-6.417e-08
14,1,13,19,-8.645e-08
14,1,14,14,-8.53e-07
14,1,14,15,-5.349e-07
14,1,14,16,-3.175e-07
14,1,14,17,-2.023e-07
14,1,14,18,-1.276e-07
14,1,14,19,-1.0e-07
14,1,14,20,-5.092e-08
14,1,15,15,-8.644e-07
14,1,15,16,-6.3e-07
14,1,15,17,-3.643e-07
14,1,15,18,-2.195e-07
14,1,15,19,-1.433e-07
14,1,15,20,-8.13e-08
14,1,16,16,-1.038e-06
14,1,16,17,-6.917e-07
14,1,16,18,-4.256e-07
14,1,16,19,-2.806e-07
14,1,16,20,-1.921e-07
14,1,16,21,-1.374e-07
14,1,17,17,-1.029e-06
14,1,17,18,-5.557e-07
14,1,17,19,-3.65e-07
14,1,17,20,-1.869e-07
14,1,17,21,-1.804e-07
14,1,18,18,-8.258e-07
14,1,18,19,-4.759e-07
14,1,18,20,-2.154e-07
14,1,18,21,-1.942e-07
14,1,19,19,-8.236e-07
14,1,19,20,-2.616e-07
14,1,19,21,-1.51e-07
14,1,20,20,-6.678e-07
14,1,20,21,-2.207e-07
15,1,1,1,-9.383e-07
15,1,1,2,-6.559e-07
15,1,1,3,-4.493e-07
15,1,1,4,-2.635e-07
15,1,1,5,-2.091e-07
15,1,1,6,-1.8e-07
15,1,1,7,-1.627e-07
15,1,1,8,-1.023e-07
15,1,1,9,1.139e-07
15,1,1,10,1.131e-07
15,1,1,12,7.494e-08
15,1,1,18,5.241e-08
15,1,1,20,5.691e-08
15,1,2,2,-1.025e-06
15,1,2,3,-7.803e-07
15,1,2,4,-4.785e-07
15,1,2,5,-3.453e-07
15,1,2,6,-2.72e-07
15,1,2,7,-2.259e-07
15,1,2,8,-1.501e-07
15,1,2,9,-1.314e-07
15,1,2,13,-8.026e-08
15,1,2,16,-8.124e-08
15,1,2,20,5.365e-08
15,1,3,3,-1.037e-06
15,1,3,4,-7.302e-07
15,1,3,5,-5.11e-07
15,1,3,6,-3.555e-07
15,1,3,7,-2.741e-07
15,1,3,8,-1.429e-07
15,1,3,9,5.777e-08
15,1,3,10,5.193e-08
15,1,3,18,1.533e-07
15,1,3,19,8.769e-08
15,1,3,20,1.339e-07
15,1,4,4,-1.01e-06
15,1,4,5,-9.509e-07
15,1,4,6,-6.403e-07
15,1,4,7,-4.963e-07
15,1,4,8,-3.329e-07
15,1,4,9,-7.969e-08
15,1,4,11,-8.64e-08
15,1,4,16,-6.252e-08
15,1,4,18,1.057e-07
15,1,4,20,8.281e-08
15,1,5,5,-1.187e-06
15,1,5,6,-8.588e-07
15,1,5,7,-6.377e-07
15,1,5,8,-4.046e-07
15,1,5,9,-1.127e-07
15,1,5,10,-7.12e-08
15,1,5,11,-1.101e-07
15,1,5,16,-6.795e-08
15,1,6,6,-9.797e-07
15,1,6,7,-5.885e-07
15,1,6,8,-4.098e-07
15,1,6,9,-5.646e-08
15,1,6,10,7.128e-08
15,1,6,12,5.554e-08
15,1,6,16,-6.005e-08
15,1,6,18,7.923e-08
15,1,6,20,9.13e-08
15,1,7,7,-9.362e-07
15,1,7,8,-5.763e-07
15,1,7,9,-1.678e-07
15,1,7,16,-5.239e-08
15,1,7,18,5.665e-08
15,1,7,19,1.156e-07
15,1,7,20,1.138e-07
15,1,7,21,7.523e-08
15,1,8,8,-9.183e-07
15,1,8,9,-3.228e-07
15,1,8,10,-2.738e-07
15,1,8,11,-2.384e-07
15,1,8,12,-1.042e-07
15,1,8,13,-2.059e-07
15,1,8,14,-1.457e-07
15,1,8,15,-1.144e-07
15,1,8,16,-9.331e-08
15,1,8,17,-1.541e-07
15,1,9,9,-6.7e-07
15,1,9,10,-1.629e-07
15,1,9,11,-6.37e-08
15,1,9,13,-9.586e-08
15,1,9,14,-6.762e-08
15,1,9,16,-6.706e-08
15,1,10,10,-6.865e-07
15,1,10,11,-3.063e-07
15,1,10,12,-1.579e-07
15,1,10,13,-2.538e-07
15,1,10,14,-1.726e-07
15,1,10,15,-1.326e-07
15,1,10,16,-8.499e-08
15,1,10,17,-7.521e-08
15,1,11,11,-7.982e-07
15,1,11,12,-4.016e-07
15,1,11,13,-3.644e-07
15,1,11,14,-2.242e-07
15,1,11,15,-1.832e-07
15,1,11,16,-1.272e-07
15,1,11,17,-1.4e-07
15,1,12,12,-7.549e-07
15,1,12,13,-4.502e-07
15,1,12,14,-3.472e-07
15,1,12,15,-2.621e-07
15,1,12,16,-1.94e-07
15,1,12,17,-1.869e-07
15,1,13,13,-8.602e-07
15,1,13,14,-5.128e-07
15,1,13,15,-4.037e-07
15,1,13,16,-3.293e-07
15,1,13,17,-1.807e-07
15,1,13,18,-6.245e-08
15,1,13,19,-8.451e-08
15,1,14,14,-8.36e-07
15,1,14,15,-5.273e-07
15,1,14,16,-3.124e-07
15,1,14,17,-1.999e-07
15,1,14,18,-1.283e-07
15,1,14,19,-1.006e-07
15,1,14,20,-5.513e-08
15,1,15,15,-8.483e-07
15,1,15,16,-6.214e-07
15,1,15,17,-3.632e-07
15,1,15,18,-9.933e-08
15,1,15,19,-8.353e-08
15,1,15,21,-5.904e-08
15,1,16,16,-1.019e-06
15,1,16,17,-6.861e-07
15,1,16,18,-4.234e-07
15,1,16,19,-2.819e-07
15,1,16,20,-1.944e-07
15,1,16,21,-1.403e-07
15,1,17,17,-9.314e-07
15,1,17,18,-4.643e-07
15,1,17,19,-2.69e-07
15,1,17,20,-9.987e-08
15,1,17,21,-1.236e-07
15,1,18,18,-8.087e-07
15,1,18,19,-4.256e-07
15,1,18,20,-2.287e-07
15,1,18,21,-1.577e-07
15,1,19,19,-8.067e-07
15,1,19,20,-2.544e-07
15,1,19,21,-1.461e-07
15,1,20,20,-6.503e-07
15,1,20,21,-2.125e-07
16,1,1,1,-9.749e-07
16,1,1,2,-6.71e-07
16,1,1,3,-4.549e-07
16,1,1,4,-2.68e-07
16,1,1,5,-2.102e-07
16,1,1,6,-1.818e-07
16,1,1,7,-1.644e-07
16,1,1,8,-1.045e-07
16,1,1,9,1.143e-07
16,1,1,10,1.15e-07
16,1,1,12,7.102e-08
16,1,1,18,5.398e-08
16,1,1,20,5.827e-08
16,1,1,21,5.045e-08
16,1,2,2,-1.061e-06
16,1,2,3,-7.939e-07
16,1,2,4,-4.859e-07
16,1,2,5,-3.449e-07
16,1,2,6,-2.697e-07
16,1,2,7,-2.156e-07
16,1,2,8,-2.369e-07
16,1,2,9,-2.031e-07
16,1,2,10,-1.414e-07
16,1,2,11,-9.421e-08
16,1,2,12,-7.616e-08
16,1,2,13,-1.498e-07
16,1,2,14,-7.227e-08
16,1,2,15,-8.81e-08
16,1,2,16,-1.229e-07
16,1,2,17,-1.32e-07
16,1,2,20,8.971e-08
16,1,3,3,-1.051e-06
16,1,3,4,-7.154e-07
16,1,3,5,-5.108e-07
16,1,3,6,-3.352e-07
16,1,3,7,-2.496e-07
16,1,3,8,-1.844e-07
16,1,3,9,-8.743e-08
16,1,3,10,-5.061e-08
16,1,3,11,-8.73e-08
16,1,3,16,-6.347e-08
16,1,4,4,-1.046e-06
16,1,4,5,-9.66e-07
16,1,4,6,-6.452e-07
16,1,4,7,-4.984e-07
16,1,4,8,-3.344e-07
16,1,4,9,-8.192e-08
16,1,4,10,-5.104e-08
16,1,4,11,-9.018e-08
16,1,4,16,-6.216e-08
16,1,4,18,1.076e-07
16,1,4,20,8.613e-08
16,1,5,5,-1.221e-06
16,1,5,6,-8.932e-07
16,1,5,7,-4.92e-07
16,1,5,8,-3.73e-07
16,1,5,9,-1.974e-07
16,1,5,10,-1.232e-07
16,1,5,11,-7.841e-08
16,1,5,12,-7.89e-08
16,1,5,13,-6.854e-08
16,1,6,6,-1.014e-06
16,1,6,7,-6.129e-07
16,1,6,8,-3.393e-07
16,1,6,9,-9.276e-08
16,1,6,10,-5.118e-08
16,1,6,11,-6.456e-08
16,1,6,18,1.41e-07
16,1,6,19,8.426e-08
16,1,6,20,1.24e-07
16,1,7,7,-9.773e-07
16,1,7,8,-5.876e-07
16,1,7,9,-2.263e-07
16,1,7,10,-1.444e-07
16,1,7,11,-1.016e-07
16,1,7,12,-6.752e-08
16,1,7,13,-5.345e-08
16,1,8,8,-9.54e-07
16,1,8,9,-3.966e-07
16,1,8,10,-3.824e-07
16,1,8,11,-2.624e-07
16,1,8,12,-1.661e-07
16,1,8,13,-2.49e-07
16,1,8,14,-1.529e-07
16,1,8,15,-1.408e-07
16,1,8,16,-1.333e-07
16,1,8,17,-1.545e-07
16,1,8,20,6.039e-08
16,1,9,9,-7.095e-07
16,1,9,10,-1.809e-07
16,1,9,11,-8.262e-08
16,1,9,16,-7.637e-08
16,1,9,18,7.056e-08
16,1,9,20,8.843e-08
16,1,10,10,-7.229e-07
16,1,10,11,-3.233e-07
16,1,10,12,-1.652e-07
16,1,10,13,-2.567e-07
16,1,10,14,-1.702e-07
16,1,10,15,-1.313e-07
16,1,10,16,-8.43e-08
16,1,10,17,-7.422e-08
16,1,11,11,-8.351e-07
16,1,11,12,-4.089e-07
16,1,11,13,-3.598e-07
16,1,11,14,-2.097e-07
16,1,11,15,-1.711e-07
16,1,11,16,-1.341e-07
16,1,11,17,-1.276e-07
16,1,11,18,-6.504e-08
16,1,12,12,-7.92e-07
16,1,12,13,-4.656e-07
16,1,12,14,-3.572e-07
16,1,12,15,-2.729e-07
16,1,12,16,-1.852e-07
16,1,12,17,-1.461e-07
16,1,12,18,-6.713e-08
16,1,12,19,-1.01e-07
16,1,12,21,-7.309e-08
16,1,13,13,-8.952e-07
16,1,13,14,-5.272e-07
16,1,13,15,-4.129e-07
16,1,13,16,-3.309e-07
16,1,13,17,-1.851e-07
16,1,13,18,-6.475e-08
16,1,13,19,-8.834e-08
16,1,14,14,-8.722e-07
16,1,14,15,-5.43e-07
16,1,14,16,-3.205e-07
16,1,14,17,-2.022e-07
16,1,14,20,7.01e-08
16,1,15,15,-8.821e-07
16,1,15,16,-6.394e-07
16,1,15,17,-3.614e-07
16,1,15,18,-2.195e-07
16,1,15,19,-1.399e-07
16,1,15,20,-8.269e-08
16,1,16,16,-1.058e-06
16,1,16,17,-6.969e-07
16,1,16,18,-4.23e-07
16,1,16,19,-2.75e-07
16,1,16,20,-1.857e-07
16,1,16,21,-1.307e-07
16,1,17,17,-1.049e-06
16,1,17,18,-5.633e-07
16,1,17,19,-3.655e-07
16,1,17,20,-1.894e-07
16,1,17,21,-1.825e-07
16,1,18,18,-8.449e-07
16,1,18,19,-4.828e-07
16,1,18,20,-2.202e-07
16,1,18,21,-1.964e-07
16,1,19,19,-8.423e-07
16,1,19,20,-2.689e-07
16,1,19,21,-1.53e-07
16,1,20,20,-6.87e-07
16,1,20,21,-2.293e-07
17,1,1,1,-4.795e-06
17,1,1,2,-1.235e-06
17,1,1,3,-7.093e-07
17,1,1,4,-3.862e-07
17,1,1,5,-3.123e-07
17,1,1,6,-2.708e-07
17,1,1,7,-2.036e-07
17,1,1,8,-2.477e-07
17,1,1,9,-7.673e-08
17,1,1,17,-8.825e-08
17,1,1,18,7.484e-08
17,1,1,20,9.383e-08
17,1,2,2,-4.91e-06
17,1,2,3,-1.362e-06
17,1,2,4,-7.697e-07
17,1,2,5,-5.719e-07
17,1,2,6,-4.034e-07
17,1,2,7,-2.532e-07
17,1,2,8,-1.732e-07
17,1,2,9,-1.217e-07
17,1,2,10,-7.246e-08
17,1,2,11,-9.834e-08
17,1,2,13,-1.897e-07
17,1,2,14,-9.841e-08
17,1,2,15,-1.095e-07
17,1,2,16,-1.313e-07
17,1,2,17,-1.21e-07
17,1,2,18,-6.643e-08
17,1,3,3,-4.935e-06
17,1,3,4,-1.324e-06
17,1,3,5,-7.767e-07
17,1,3,6,-5.012e-07
17,1,3,7,-4.065e-07
17,1,3,8,-2.568e-07
17,1,3,9,5.003e-08
17,1,3,10,5.658e-08
17,1,3,16,-5.943e-08
17,1,3,17,-1.634e-07
17,1,3,18,-8.546e-08
17,1,3,19,-1.074e-07
17,1,3,21,-7.427e-08
17,1,4,4,-4.895e-06
17,1,4,5,-1.51e-06
17,1,4,6,-9.05e-07
17,1,4,7,-6.706e-07
17,1,4,8,-4.414e-07
17,1,4,9,-1.028e-07
17,1,4,10,-5.917e-08
17,1,4,11,-8.904e-08
17,1,4,16,-7.992e-08
17,1,4,18,5.514e-08
17,1,4,20,6.678e-08
17,1,4,21,5.511e-08
17,1,5,5,-5.131e-06
17,1,5,6,-1.381e-06
17,1,5,7,-8.69e-07
17,1,5,8,-5.347e-07
17,1,5,9,-1.523e-07
17,1,5,10,-7.511e-08
17,1,5,11,-1.064e-07
17,1,5,13,-1.898e-07
17,1,5,14,-1.014e-07
17,1,5,15,-1.079e-07
17,1,5,16,-1.275e-07
17,1,5,17,-1.49e-07
17,1,5,18,5.569e-08
17,1,5,20,8.441e-08
17,1,6,6,-4.928e-06
17,1,6,7,-1.244e-06
17,1,6,8,-6.763e-07
17,1,6,9,-1.735e-07
17,1,6,10,-8.696e-08
17,1,6,11,-1.186e-07
17,1,6,16,-6.849e-08
17,1,6,19,6.144e-08
17,1,6,20,6.002e-08
17,1,6,21,5.696e-08
17,1,7,7,-4.784e-06
17,1,7,8,-1.026e-06
17,1,7,9,-3.77e-07
17,1,7,10,-1.919e-07
17,1,7,11,-1.079e-07
17,1,7,12,-7.111e-08
17,1,8,8,-4.84e-06
17,1,8,9,-7.659e-07
17,1,8,10,-4.931e-07
17,1,8,11,-3.71e-07
17,1,8,12,-1.809e-07
17,1,8,13,-3.054e-07
17,1,8,14,-2.157e-07
17,1,8,15,-1.748e-07
17,1,8,16,-1.081e-07
17,1,8,17,-1.062e-07
17,1,8,18,-5.36e-08
17,1,8,19,-5.991e-08
17,1,9,9,-4.489e-06
17,1,9,10,-5.266e-07
17,1,9,11,-1.267e-07
17,1,9,12,-8.798e-08
17,1,9,13,-1.476e-07
17,1,9,14,-8.076e-08
17,1,9,15,-6.109e-08
17,1,9,16,-1.324e-07
17,1,9,18,5.2e-08
17,1,9,20,8.277e-08
17,1,9,21,5.731e-08
17,1,10,10,-4.472e-06
17,1,10,11,-6.164e-07
17,1,10,12,-3.328e-07
17,1,10,13,-3.403e-07
17,1,10,14,-2.134e-07
17,1,10,15,-1.557e-07
17,1,10,16,-1.09e-07
17,1,10,17,-1.761e-07
17,1,10,18,-7.176e-08
17,1,10,19,-8.833e-08
17,1,10,21,-7.159e-08
17,1,11,11,-4.731e-06
17,1,11,12,-8.982e-07
17,1,11,13,-6.132e-07
17,1,11,14,-3.839e-07
17,1,11,15,-2.443e-07
17,1,11,16,-1.895e-07
17,1,11,17,-9.5e-08
17,1,12,12,-4.578e-06
17,1,12,13,-9.707e-07
17,1,12,14,-4.777e-07
17,1,12,15,-2.764e-07
17,1,12,16,-2.449e-07
17,1,12,17,-9.843e-08
17,1,13,13,-4.705e-06
17,1,13,14,-1.035e-06
17,1,13,15,-5.656e-07
17,1,13,16,-4.279e-07
17,1,13,17,-2.147e-07
17,1,13,18,-5.938e-08
17,1,13,19,-9.154e-08
17,1,14,14,-4.655e-06
17,1,14,15,-1.058e-06
17,1,14,16,-5.9e-07
17,1,14,17,-2.941e-07
17,1,14,18,-1.681e-07
17,1,14,19,-9.026e-08
17,1,15,15,-4.67e-06
17,1,15,16,-1.074e-06
17,1,15,17,-7.132e-07
17,1,15,18,-3.921e-07
17,1,15,19,-3.231e-07
17,1,15,20,-1.285e-07
17,1,15,21,-1.592e-07
17,1,16,16,-4.952e-06
17,1,16,17,-1.185e-06
17,1,16,18,-6.162e-07
17,1,16,19,-3.797e-07
17,1,16,20,-2.101e-07
17,1,16,21,-1.557e-07
17,1,17,17,-4.855e-06
17,1,17,18,-1.021e-06
17,1,17,19,-5.541e-07
17,1,17,20,-2.478e-07
17,1,17,21,-2.142e-07
17,1,18,18,-4.655e-06
17,1,18,19,-8.54e-07
17,1,18,20,-6.345e-07
17,1,18,21,-4.278e-07
17,1,19,19,-4.637e-06
17,1,19,20,-6.292e-07
17,1,19,21,-3.531e-07
17,1,20,20,-4.475e-06
17,1,20,21,-5.935e-07
18,1,1,1,-4.789e-06
18,1,1,2,-1.225e-06
18,1,1,3,-7.082e-07
18,1,1,4,-3.856e-07
18,1,1,5,-3.122e-07
18,1,1,6,-2.652e-07
18,1,1,7,-2.125e-07
18,1,1,8,-1.328e-07
18,1,1,9,1.476e-07
18,1,1,10,1.311e-07
18,1,1,12,6.86e-08
18,1,1,16,-5.487e-08
18,1,1,18,5.919e-08
18,1,1,19,5.823e-08
18,1,1,20,6.703e-08
18,1,1,21,6.787e-08
18,1,2,2,-4.911e-06
18,1,2,3,-1.349e-06
18,1,2,4,-7.695e-07
18,1,2,5,-5.719e-07
18,1,2,6,-4.034e-07
18,1,2,7,-2.566e-07
18,1,2,8,-1.798e-07
18,1,2,9,-1.137e-07
18,1,2,10,-5.293e-08
18,1,2,11,-7.913e-08
18,1,2,13,-1.72e-07
18,1,2,14,-8.621e-08
18,1,2,15,-9.926e-08
18,1,2,16,-1.348e-07
18,1,2,17,-1.304e-07
18,1,2,18,-8.597e-08
18,1,2,19,-5.24e-08
18,1,3,3,-4.938e-06
18,1,3,4,-1.312e-06
18,1,3,5,-7.823e-07
18,1,3,6,-5.024e-07
18,1,3,7,-4.195e-07
18,1,3,8,-2.643e-07
18,1,3,9,5.018e-08
18,1,3,10,6.78e-08
18,1,3,13,-1.449e-07
18,1,3,14,-6.784e-08
18,1,3,15,-7.632e-08
18,1,3,16,-1.085e-07
18,1,3,17,-1.316e-07
18,1,3,18,7.277e-08
18,1,3,20,9.597e-08
18,1,4,4,-4.897e-06
18,1,4,5,-1.499e-06
18,1,4,6,-8.946e-07
18,1,4,7,-6.178e-07
18,1,4,8,-4.576e-07
18,1,4,9,-1.313e-07
18,1,4,13,-5.786e-08
18,1,4,16,-5.176e-08
18,1,4,20,5.119e-08
18,1,5,5,-5.134e-06
18,1,5,6,-1.365e-06
18,1,5,7,-8.617e-07
18,1,5,8,-5.389e-07
18,1,5,9,-1.587e-07
18,1,5,10,-9.746e-08
18,1,5,11,-1.171e-07
18,1,5,16,-8.529e-08
18,1,5,17,-1.826e-07
18,1,5,18,-9.97e-08
18,1,5,19,-1.202e-07
18,1,5,21,-7.484e-08
18,1,6,6,-4.936e-06
18,1,6,7,-1.233e-06
18,1,6,8,-6.605e-07
18,1,6,9,-1.696e-07
18,1,6,10,-8.914e-08
18,1,6,11,-1.033e-07
18,1,6,16,-5.88e-08
18,1,6,17,-1.819e-07
18,1,6,18,7.596e-08
18,1,6,19,9.659e-08
18,1,6,20,9.152e-08
18,1,6,21,7.741e-08
18,1,7,7,-4.783e-06
18,1,7,8,-1.187e-06
18,1,7,9,-6.798e-07
18,1,7,10,-4.003e-07
18,1,7,11,-3.159e-07
18,1,7,12,-1.788e-07
18,1,7,13,-1.36e-07
18,1,7,14,-9.075e-08
18,1,7,15,-6.716e-08
18,1,7,16,-1.196e-07
18,1,8,8,-4.845e-06
18,1,8,9,-7.527e-07
18,1,8,10,-4.763e-07
18,1,8,11,-3.703e-07
18,1,8,12,-1.705e-07
18,1,8,13,-3.211e-07
18,1,8,14,-2.349e-07
18,1,8,15,-1.868e-07
18,1,8,16,-1.255e-07
18,1,8,17,-1.123e-07
18,1,8,18,-7.26e-08
18,1,8,19,-7.21e-08
18,1,9,9,-4.493e-06
18,1,9,10,-5.135e-07
18,1,9,11,-1.257e-07
18,1,9,12,-9.029e-08
18,1,9,13,-9.005e-08
18,1,9,15,-5.057e-08
18,1,9,17,-8.505e-08
18,1,9,18,5.928e-08
18,1,9,20,1.027e-07
18,1,10,10,-4.515e-06
18,1,10,11,-6.136e-07
18,1,10,12,-3.398e-07
18,1,10,13,-3.258e-07
18,1,10,14,-1.954e-07
18,1,10,15,-1.506e-07
18,1,10,16,-8.758e-08
18,1,10,17,-1.592e-07
18,1,10,18,-6.046e-08
18,1,10,19,-8.297e-08
18,1,11,11,-4.726e-06
18,1,11,12,-8.869e-07
18,1,11,13,-6.054e-07
18,1,11,14,-3.721e-07
18,1,11,15,-2.265e-07
18,1,11,16,-1.948e-07
18,1,11,17,-8.288e-08
18,1,12,12,-4.577e-06
18,1,12,13,-9.636e-07
18,1,12,14,-4.762e-07
18,1,12,15,-2.724e-07
18,1,12,16,-2.342e-07
18,1,12,17,-3.094e-07
18,1,13,13,-4.699e-06
18,1,13,14,-1.03e-06
18,1,13,15,-5.633e-07
18,1,13,16,-4.25e-07
18,1,13,17,-2.157e-07
18,1,13,18,-5.662e-08
18,1,13,19,-9.453e-08
18,1,14,14,-4.648e-06
18,1,14,15,-1.055e-06
18,1,14,16,-5.757e-07
18,1,14,17,-2.886e-07
18,1,14,18,-1.673e-07
18,1,14,19,-7.7e-08
18,1,15,15,-4.661e-06
18,1,15,16,-1.056e-06
18,1,15,17,-7.141e-07
18,1,15,18,-3.873e-07
18,1,15,19,-3.256e-07
18,1,15,20,-1.244e-07
18,1,15,21,-1.638e-07
18,1,16,16,-4.96e-06
18,1,16,17,-1.174e-06
18,1,16,18,-6.209e-07
18,1,16,19,-3.825e-07
18,1,16,20,-2.301e-07
18,1,16,21,-1.596e-07
18,1,17,17,-4.86e-06
18,1,17,18,-1.012e-06
18,1,17,19,-5.584e-07
18,1,17,20,-2.446e-07
18,1,17,21,-2.244e-07
18,1,18,18,-4.655e-06
18,1,18,19,-8.406e-07
18,1,18,20,-6.346e-07
18,1,18,21,-4.29e-07
18,1,19,19,-4.626e-06
18,1,19,20,-6.137e-07
18,1,19,21,-3.49e-07
18,1,20,20,-4.472e-06
18,1,20,21,-5.811e-07
19,1,1,1,-4.746e-06
19,1,1,2,-1.23e-06
19,1,1,3,-7.072e-07
19,1,1,4,-3.862e-07
19,1,1,5,-3.134e-07
19,1,1,6,-2.555e-07
19,1,1,7,-2.253e-07
19,1,1,8,-1.196e-07
19,1,1,9,1.518e-07
19,1,1,10,1.275e-07
19,1,1,12,7.292e-08
19,1,1,13,5.523e-08
19,1,1,17,-1.76e-07
19,1,1,18,8.117e-08
19,1,1,19,1.004e-07
19,1,1,20,9.278e-08
19,1,1,21,8.608e-08
19,1,2,2,-4.866e-06
19,1,2,3,-1.353e-06
19,1,2,4,-7.683e-07
19,1,2,5,-5.688e-07
19,1,2,6,-4.027e-07
19,1,2,7,-2.567e-07
19,1,2,8,-1.819e-07
19,1,2,9,-1.112e-07
19,1,2,11,-7.125e-08
19,1,2,13,-1.603e-07
19,1,2,14,-6.643e-08
19,1,2,15,-9.147e-08
19,1,2,16,-1.473e-07
19,1,2,17,-1.528e-07
19,1,2,18,-1.209e-07
19,1,2,19,-7.228e-08
19,1,3,3,-4.895e-06
19,1,3,4,-1.315e-06
19,1,3,5,-6.961e-07
19,1,3,6,-4.401e-07
19,1,3,7,-2.591e-07
19,1,3,8,-1.58e-07
19,1,3,9,-1.246e-07
19,1,3,10,-8.093e-08
19,1,3,11,-7.215e-08
19,1,4,4,-4.853e-06
19,1,4,5,-1.507e-06
19,1,4,6,-8.853e-07
19,1,4,7,-6.157e-07
19,1,4,8,-4.386e-07
19,1,4,9,-1.471e-07
19,1,4,13,-1.549e-07
19,1,4,14,-1.152e-07
19,1,4,15,-8.442e-08
19,1,4,16,-1.284e-07
19,1,5,5,-5.086e-06
19,1,5,6,-1.364e-06
19,1,5,7,-8.508e-07
19,1,5,8,-5.383e-07
19,1,5,9,-1.54e-07
19,1,5,10,-9.087e-08
19,1,5,11,-1.151e-07
19,1,5,13,-2.063e-07
19,1,5,14,-1.107e-07
19,1,5,15,-1.157e-07
19,1,5,16,-1.361e-07
19,1,5,17,-1.516e-07
19,1,5,20,1.015e-07
19,1,6,6,-4.894e-06
19,1,6,7,-1.236e-06
19,1,6,8,-6.419e-07
19,1,6,9,-1.725e-07
19,1,6,10,-9.563e-08
19,1,6,11,-8.924e-08
19,1,6,17,-1.653e-07
19,1,6,18,7.35e-08
19,1,6,19,8.637e-08
19,1,6,20,7.997e-08
19,1,6,21,6.234e-08
19,1,7,7,-4.753e-06
19,1,7,8,-1.008e-06
19,1,7,9,-3.566e-07
19,1,7,10,-1.703e-07
19,1,7,11,-9.911e-08
19,1,7,16,-5.823e-08
19,1,7,18,1.568e-07
19,1,7,19,7.486e-08
19,1,7,20,1.234e-07
19,1,8,8,-4.8e-06
19,1,8,9,-7.551e-07
19,1,8,10,-4.68e-07
19,1,8,11,-3.642e-07
19,1,8,12,-1.677e-07
19,1,8,13,-1.547e-07
19,1,8,14,-7.133e-08
19,1,8,15,-7.93e-08
19,1,8,16,-1.585e-07
19,1,8,17,-2.083e-07
19,1,8,18,6.191e-08
19,1,8,20,1.226e-07
19,1,9,9,-4.447e-06
19,1,9,10,-5.18e-07
19,1,9,11,-1.214e-07
19,1,9,12,-9.005e-08
19,1,9,13,-9.305e-08
19,1,9,15,-5.412e-08
19,1,9,17,-8.698e-08
19,1,9,18,5.25e-08
19,1,9,20,8.454e-08
19,1,10,10,-4.461e-06
19,1,10,11,-6.234e-07
19,1,10,12,-3.291e-07
19,1,10,13,-3.433e-07
19,1,10,14,-2.144e-07
19,1,10,15,-1.593e-07
19,1,10,16,-1.028e-07
19,1,10,17,-1.628e-07
19,1,10,18,-6.362e-08
19,1,10,19,-7.936e-08
19,1,10,21,-6.744e-08
19,1,11,11,-4.664e-06
19,1,11,12,-8.915e-07
19,1,11,13,-5.974e-07
19,1,11,14,-3.597e-07
19,1,11,15,-2.173e-07
19,1,11,16,-2.03e-07
19,1,11,17,-7.276e-08
19,1,12,12,-4.526e-06
19,1,12,13,-9.717e-07
19,1,12,14,-4.723e-07
19,1,12,15,-2.682e-07
19,1,12,16,-2.253e-07
19,1,12,17,-3.001e-07
19,1,12,21,5.176e-08
19,1,13,13,-4.643e-06
19,1,13,14,-1.038e-06
19,1,13,15,-5.597e-07
19,1,13,16,-4.218e-07
19,1,13,17,-2.155e-07
19,1,13,18,-5.355e-08
19,1,13,19,-9.463e-08
19,1,14,14,-4.592e-06
19,1,14,15,-1.065e-06
19,1,14,16,-5.642e-07
19,1,14,17,-2.839e-07
19,1,14,18,-1.643e-07
19,1,14,19,-7.257e-08
19,1,15,15,-4.605e-06
19,1,15,16,-1.054e-06
19,1,15,17,-7.102e-07
19,1,15,18,-3.816e-07
19,1,15,19,-3.246e-07
19,1,15,20,-1.194e-07
19,1,15,21,-1.642e-07
19,1,16,16,-4.918e-06
19,1,16,17,-1.177e-06
19,1,16,18,-6.183e-07
19,1,16,19,-3.792e-07
19,1,16,20,-2.349e-07
19,1,16,21,-1.569e-07
19,1,17,17,-4.816e-06
19,1,17,18,-1.016e-06
19,1,17,19,-5.565e-07
19,1,17,20,-2.41e-07
19,1,17,21,-2.28e-07
19,1,18,18,-4.606e-06
19,1,18,19,-8.426e-07
19,1,18,20,-6.324e-07
19,1,18,21,-4.227e-07
19,1,19,19,-4.567e-06
19,1,19,20,-6.173e-07
19,1,19,21,-3.419e-07
19,1,20,20,-4.417e-06
19,1,20,21,-5.853e-07
20,1,1,1,-6.906e-06
20,1,1,2,-1.294e-06
20,1,1,3,-7.125e-07
20,1,1,4,-4.025e-07
20,1,1,5,-3.47e-07
20,1,1,6,-2.855e-07
20,1,1,7,-2.132e-07
20,1,1,8,-1.06e-07
20,1,1,9,9.903e-08
20,1,1,10,7.774e-08
20,1,1,12,5.627e-08
20,1,1,18,6.778e-08
20,1,1,19,5.33e-08
20,1,1,20,6.717e-08
20,1,2,2,-7.073e-06
20,1,2,3,-1.439e-06
20,1,2,4,-7.543e-07
20,1,2,5,-5.251e-07
20,1,2,6,-3.723e-07
20,1,2,7,-2.565e-07
20,1,2,8,-1.376e-07
20,1,2,9,7.16e-08
20,1,2,10,5.159e-08
20,1,2,18,5.211e-08
20,1,3,3,-7.003e-06
20,1,3,4,-1.345e-06
20,1,3,5,-7.675e-07
20,1,3,6,-4.618e-07
20,1,3,7,-3.189e-07
20,1,3,8,-2.254e-07
20,1,3,10,9.201e-08
20,1,3,12,6.882e-08
20,1,3,14,5.361e-08
20,1,3,16,-6.89e-08
20,1,3,18,1.03e-07
20,1,3,19,1.369e-07
20,1,3,20,1.356e-07
20,1,3,21,8.264e-08
20,1,4,4,-6.897e-06
20,1,4,5,-1.475e-06
20,1,4,6,-8.615e-07
20,1,4,7,-6.601e-07
20,1,4,8,-4.433e-07
20,1,4,9,-3.488e-07
20,1,4,10,-1.821e-07
20,1,4,11,-1.303e-07
20,1,4,12,-1.008e-07
20,1,4,13,-1.877e-07
20,1,4,14,-1.367e-07
20,1,4,15,-9.835e-08
20,1,4,16,-1.602e-07
20,1,4,20,6.012e-08
20,1,5,5,-7.292e-06
20,1,5,6,-1.344e-06
20,1,5,7,-8.238e-07
20,1,5,8,-5.332e-07
20,1,5,9,-3.756e-07
20,1,5,10,-2.68e-07
20,1,5,11,-2.265e-07
20,1,5,12,-1.341e-07
20,1,5,13,-1.056e-07
20,1,5,14,-6.396e-08
20,1,5,15,-5.17e-08
20,1,5,16,-9.928e-08
20,1,5,20,5.108e-08
20,1,6,6,-7.097e-06
20,1,6,7,-1.035e-06
20,1,6,8,-7.128e-07
20,1,6,9,-5.388e-07
20,1,6,10,-2.86e-07
20,1,6,11,-1.946e-07
20,1,6,12,-1.379e-07
20,1,6,13,-2.166e-07
20,1,6,14,-1.539e-07
20,1,6,15,-1.112e-07
20,1,6,16,-1.659e-07
20,1,6,20,5.917e-08
20,1,7,7,-6.91e-06
20,1,7,8,-1.007e-06
20,1,7,9,-3.967e-07
20,1,7,10,-1.873e-07
20,1,7,11,-1.154e-07
20,1,7,12,-7.692e-08
20,1,7,13,-6.526e-08
20,1,8,8,-6.982e-06
20,1,8,9,-7.381e-07
20,1,8,10,-4.896e-07
20,1,8,11,-3.521e-07
20,1,8,12,-2.034e-07
20,1,8,13,-1.842e-07
20,1,8,14,-8.61e-08
20,1,8,15,-9.711e-08
20,1,8,16,-1.115e-07
20,1,8,20,8.265e-08
20,1,9,9,-6.609e-06
20,1,9,10,-5.223e-07
20,1,9,11,-1.278e-07
20,1,9,13,-1.548e-07
20,1,9,14,-1.111e-07
20,1,9,15,-6.946e-08
20,1,9,16,-1.065e-07
20,1,9,18,1.488e-07
20,1,9,19,8.233e-08
20,1,9,20,1.321e-07
20,1,10,10,-6.65e-06
20,1,10,11,-6.273e-07
20,1,10,12,-3.853e-07
20,1,10,13,-3.573e-07
20,1,10,14,-2.006e-07
20,1,10,15,-1.683e-07
20,1,10,16,-1.961e-07
20,1,10,17,-7.232e-08
20,1,10,19,8.405e-08
20,1,10,20,1.069e-07
20,1,10,21,6.06e-08
20,1,11,11,-6.892e-06
20,1,11,12,-9.455e-07
20,1,11,13,-6.581e-07
20,1,11,14,-3.761e-07
20,1,11,15,-2.968e-07
20,1,11,16,-2.095e-07
20,1,11,17,-2.125e-07
20,1,11,19,-6.283e-08
20,1,12,12,-6.684e-06
20,1,12,13,-1.022e-06
20,1,12,14,-4.76e-07
20,1,12,15,-3.051e-07
20,1,12,16,-2.808e-07
20,1,12,17,-1.263e-07
20,1,12,19,-5.17e-08
20,1,12,20,6.945e-08
20,1,13,13,-6.806e-06
20,1,13,14,-1.092e-06
20,1,13,15,-5.626e-07
20,1,13,16,-3.9e-07
20,1,13,17,-1.901e-07
20,1,13,18,-1.037e-07
20,1,13,19,-5.27e-08
20,1,14,14,-6.729e-06
20,1,14,15,-1.071e-06
20,1,14,16,-6.064e-07
20,1,14,17,-2.843e-07
20,1,14,18,-1.295e-07
20,1,14,19,-8.338e-08
20,1,15,15,-6.785e-06
20,1,15,16,-1.093e-06
20,1,15,17,-6.881e-07
20,1,15,18,-3.015e-07
20,1,15,19,-2.478e-07
20,1,15,20,-1.007e-07
20,1,15,21,-1.519e-07
20,1,16,16,-7.069e-06
20,1,16,17,-1.185e-06
20,1,16,18,-6.32e-07
20,1,16,19,-3.775e-07
20,1,16,20,-2.043e-07
20,1,16,21,-1.553e-07
20,1,17,17,-6.953e-06
20,1,17,18,-1.033e-06
20,1,17,19,-5.675e-07
20,1,17,20,-2.519e-07
20,1,17,21,-2.139e-07
20,1,18,18,-6.757e-06
20,1,18,19,-9.582e-07
20,1,18,20,-4.269e-07
20,1,18,21,-2.519e-07
20,1,19,19,-6.78e-06
20,1,19,20,-6.528e-07
20,1,19,21,-3.243e-07
20,1,20,20,-6.607e-06
20,1,20,21,-5.973e-07
21,1,1,1,-6.273e-06
21,1,1,2,-1.316e-06
21,1,1,3,-7.056e-07
21,1,1,4,-3.813e-07
21,1,1,5,-3.124e-07
21,1,1,6,-2.717e-07
21,1,1,7,-2.113e-07
21,1,1,8,-1.134e-07
21,1,1,9,1.424e-07
21,1,1,10,1.383e-07
21,1,1,11,5.223e-08
21,1,1,12,1.095e-07
21,1,1,13,7.24e-08
21,1,1,14,7.424e-08
21,1,1,15,5.296e-08
21,1,1,18,7.635e-08
21,1,1,19,6.22e-08
21,1,1,20,8.059e-08
21,1,1,21,6.622e-08
21,1,2,2,-6.305e-06
21,1,2,3,-1.422e-06
21,1,2,4,-7.313e-07
21,1,2,5,-5.017e-07
21,1,2,6,-3.484e-07
21,1,2,7,-2.223e-07
21,1,2,8,-1.653e-07
21,1,2,9,-8.563e-08
21,1,2,10,-5.528e-08
21,1,2,11,-6.131e-08
21,1,2,13,-1.32e-07
21,1,2,15,-7.813e-08
21,1,2,16,-7.779e-08
21,1,2,17,-8.857e-08
21,1,2,20,8.736e-08
21,1,3,3,-6.321e-06
21,1,3,4,-1.427e-06
21,1,3,5,-7.433e-07
21,1,3,6,-4.269e-07
21,1,3,7,-3.347e-07
21,1,3,8,-3.175e-07
21,1,3,9,-3.434e-07
21,1,3,10,-1.415e-07
21,1,3,11,-1.538e-07
21,1,3,12,-6.603e-08
21,1,3,13,-2.032e-07
21,1,3,14,-1.547e-07
21,1,3,15,-1.128e-07
21,1,3,16,-1.478e-07
21,1,3,18,1.13e-07
21,1,3,19,5.14e-08
21,1,3,20,1.068e-07
21,1,4,4,-6.279e-06
21,1,4,5,-1.522e-06
21,1,4,6,-8.725e-07
21,1,4,7,-5.078e-07
21,1,4,8,-4.247e-07
21,1,4,10,1.068e-07
21,1,4,12,5.087e-08
21,1,4,16,-8.843e-08
21,1,4,17,-1.536e-07
21,1,4,18,9.418e-08
21,1,4,19,5.555e-08
21,1,4,20,1.4e-07
21,1,5,5,-6.632e-06
21,1,5,6,-1.389e-06
21,1,5,7,-8.303e-07
21,1,5,8,-5.077e-07
21,1,5,9,-3.972e-07
21,1,5,10,-1.974e-07
21,1,5,11,-2.092e-07
21,1,5,12,-9.022e-08
21,1,5,13,-1.214e-07
21,1,5,15,-7.472e-08
21,1,5,16,-1.508e-07
21,1,5,18,5.808e-08
21,1,5,20,9.295e-08
21,1,6,6,-6.46e-06
21,1,6,7,-1.054e-06
21,1,6,8,-6.927e-07
21,1,6,9,-5.75e-07
21,1,6,10,-3.068e-07
21,1,6,11,-1.952e-07
21,1,6,12,-1.656e-07
21,1,6,13,-1.711e-07
21,1,6,14,-9.259e-08
21,1,6,15,-1.14e-07
21,1,6,16,-8.391e-08
21,1,6,17,-1.244e-07
21,1,7,7,-6.321e-06
21,1,7,8,-1.124e-06
21,1,7,9,-4.381e-07
21,1,7,10,-2.264e-07
21,1,7,11,-1.585e-07
21,1,7,12,-8.17e-08
21,1,7,13,-5.847e-08
21,1,7,16,-5.386e-08
21,1,7,17,-1.668e-07
21,1,7,18,6.853e-08
21,1,7,19,8.189e-08
21,1,7,20,7.415e-08
21,1,7,21,6.103e-08
21,1,8,8,-6.34e-06
21,1,8,9,-7.9e-07
21,1,8,10,-4.901e-07
21,1,8,11,-3.745e-07
21,1,8,12,-1.668e-07
21,1,8,13,-3.143e-07
21,1,8,14,-2.235e-07
21,1,8,15,-1.792e-07
21,1,8,16,-1.19e-07
21,1,8,17,-1.077e-07
21,1,8,18,-5.964e-08
21,1,8,19,-6.163e-08
21,1,9,9,-5.994e-06
21,1,9,10,-5.377e-07
21,1,9,11,-1.676e-07
21,1,9,16,-9.357e-08
21,1,9,18,1.006e-07
21,1,9,20,1.234e-07
21,1,10,10,-6.005e-06
21,1,10,11,-6.482e-07
21,1,10,12,-3.481e-07
21,1,10,13,-3.418e-07
21,1,10,14,-2.222e-07
21,1,10,15,-1.534e-07
21,1,10,16,-1.289e-07
21,1,10,17,-6.083e-08
21,1,11,11,-6.237e-06
21,1,11,12,-9.409e-07
21,1,11,13,-6.354e-07
21,1,11,14,-3.921e-07
21,1,11,15,-2.739e-07
21,1,11,16,-1.806e-07
21,1,11,17,-1.404e-07
21,1,11,18,-9.802e-08
21,1,11,19,-8.487e-08
21,1,12,12,-6.051e-06
21,1,12,13,-1.02e-06
21,1,12,14,-4.673e-07
21,1,12,15,-2.637e-07
21,1,12,16,-2.506e-07
21,1,12,17,-8.574e-08
21,1,13,13,-6.162e-06
21,1,13,14,-1.089e-06
21,1,13,15,-5.535e-07
21,1,13,16,-4.07e-07
21,1,13,17,-1.814e-07
21,1,14,14,-6.099e-06
21,1,14,15,-1.138e-06
21,1,14,16,-5.778e-07
21,1,14,17,-2.83e-07
21,1,14,18,-1.616e-07
21,1,14,19,-7.977e-08
21,1,15,15,-6.109e-06
21,1,15,16,-1.057e-06
21,1,15,17,-6.662e-07
21,1,15,18,-3.604e-07
21,1,15,19,-2.788e-07
21,1,15,20,-9.677e-08
21,1,15,21,-1.198e-07
21,1,16,16,-6.437e-06
21,1,16,17,-1.184e-06
21,1,16,18,-5.949e-07
21,1,16,19,-3.593e-07
21,1,16,20,-1.857e-07
21,1,16,21,-1.399e-07
21,1,17,17,-6.364e-06
21,1,17,18,-1.075e-06
21,1,17,19,-5.2e-07
21,1,17,20,-2.98e-07
21,1,17,21,-1.801e-07
21,1,18,18,-6.109e-06
21,1,18,19,-1.001e-06
21,1,18,20,-4.698e-07
21,1,18,21,-2.62e-07
21,1,19,19,-6.134e-06
21,1,19,20,-6.554e-07
21,1,19,21,-3.477e-07
21,1,20,20,-5.957e-06
21,1,20,21,-6.322e-07
22,1,1,1,-8.257e-06
22,1,1,2,-1.405e-06
22,1,1,3,-7.299e-07
22,1,1,4,-4.502e-07
22,1,1,5,-3.476e-07
22,1,1,6,-2.365e-07
22,1,1,7,-1.654e-07
22,1,1,8,-1.243e-07
22,1,1,11,-5.033e-08
22,1,1,13,-1.594e-07
22,1,1,14,-7.918e-08
22,1,1,15,-8.268e-08
22,1,1,16,-1.263e-07
22,1,1,17,-1.189e-07
22,1,1,18,-8.422e-08
22,1,2,2,-8.379e-06
22,1,2,3,-1.511e-06
22,1,2,4,-7.697e-07
22,1,2,5,-5.332e-07
22,1,2,6,-4.069e-07
22,1,2,7,-3.002e-07
22,1,2,8,-1.6e-07
22,1,2,9,1.211e-07
22,1,2,10,1.24e-07
22,1,2,12,6.803e-08
22,1,2,14,5.195e-08
22,1,2,16,-6.002e-08
22,1,2,18,6.354e-08
22,1,2,19,5.591e-08
22,1,2,20,6.97e-08
22,1,2,21,6.393e-08
22,1,3,3,-8.212e-06
22,1,3,4,-1.493e-06
22,1,3,5,-7.022e-07
22,1,3,6,-4.292e-07
22,1,3,7,-3.175e-07
22,1,3,8,-1.852e-07
22,1,3,9,8.711e-08
22,1,3,10,1.004e-07
22,1,3,12,6.764e-08
22,1,3,14,5.096e-08
22,1,3,18,1.633e-07
22,1,3,19,8.689e-08
22,1,3,20,1.29e-07
22,1,4,4,-8.178e-06
22,1,4,5,-1.549e-06
22,1,4,6,-8.502e-07
22,1,4,7,-5.087e-07
22,1,4,8,-5.201e-07
22,1,4,9,-4.104e-07
22,1,4,10,-2.951e-07
22,1,4,11,-2.285e-07
22,1,4,12,-1.595e-07
22,1,4,13,-1.255e-07
22,1,4,14,-9.467e-08
22,1,4,15,-7.453e-08
22,1,4,16,-7.355e-08
22,1,5,5,-8.569e-06
22,1,5,6,-1.343e-06
22,1,5,7,-8.23e-07
22,1,5,8,-5.361e-07
22,1,5,9,-2.507e-07
22,1,5,10,-1.121e-07
22,1,5,11,-7.067e-08
22,1,5,12,-5.673e-08
22,1,5,13,-8.766e-08
22,1,5,15,-6.515e-08
22,1,5,16,-6.052e-08
22,1,5,17,-1.151e-07
22,1,5,18,-7.005e-08
22,1,5,19,-5.411e-08
22,1,6,6,-8.412e-06
22,1,6,7,-1.082e-06
22,1,6,8,-7.105e-07
22,1,6,9,-2.859e-07
22,1,6,10,-1.628e-07
22,1,6,11,-1.532e-07
22,1,6,12,-7.787e-08
22,1,6,13,-6.64e-08
22,1,6,16,-7.092e-08
22,1,6,18,1.651e-07
22,1,6,19,8.89e-08
22,1,6,20,1.428e-07
22,1,7,7,-8.204e-06
22,1,7,8,-1.07e-06
22,1,7,9,-4.239e-07
22,1,7,10,-1.176e-07
22,1,7,11,-6.876e-08
22,1,7,13,-7.663e-08
22,1,7,15,-5.204e-08
22,1,7,19,-5.287e-08
22,1,7,20,6.02e-08
22,1,8,8,-8.284e-06
22,1,8,9,-8.36e-07
22,1,8,10,-3.034e-07
22,1,8,11,-1.108e-07
22,1,8,13,-6.652e-08
22,1,8,16,-9.652e-08
22,1,8,17,-1.329e-07
22,1,8,18,9.538e-08
22,1,8,20,1.394e-07
22,1,9,9,-7.905e-06
22,1,9,10,-5.844e-07
22,1,9,11,-1.466e-07
22,1,9,16,-7.118e-08
22,1,9,18,6.334e-08
22,1,9,19,5.532e-08
22,1,9,20,7.255e-08
22,1,9,21,6.438e-08
22,1,10,10,-7.954e-06
22,1,10,11,-6.49e-07
22,1,10,12,-4.037e-07
22,1,10,13,-3.737e-07
22,1,10,14,-2.075e-07
22,1,10,15,-1.729e-07
22,1,10,16,-2.028e-07
22,1,10,17,-2.339e-07
22,1,10,20,1.089e-07
22,1,11,11,-8.18e-06
22,1,11,12,-9.92e-07
22,1,11,13,-6.575e-07
22,1,11,14,-3.683e-07
22,1,11,15,-2.905e-07
22,1,11,16,-1.95e-07
22,1,11,17,-1.613e-07
22,1,11,18,-6.363e-08
22,1,11,19,-1.182e-07
22,1,11,21,-8.646e-08
22,1,12,12,-7.969e-06
22,1,12,13,-1.074e-06
22,1,12,14,-4.912e-07
22,1,12,15,-2.995e-07
22,1,12,16,-2.815e-07
22,1,12,17,-2.853e-07
22,1,12,20,9.626e-08
22,1,13,13,-8.065e-06
22,1,13,14,-1.122e-06
22,1,13,15,-5.735e-07
22,1,13,16,-3.556e-07
22,1,13,17,-3.588e-07
22,1,13,18,-6.937e-08
22,1,14,14,-8.012e-06
22,1,14,15,-1.182e-06
22,1,14,16,-6.474e-07
22,1,14,17,-3.27e-07
22,1,14,18,-1.19e-07
22,1,14,19,-1.387e-07
22,1,14,21,-6.386e-08
22,1,15,15,-8.023e-06
22,1,15,16,-1.14e-06
22,1,15,17,-6.935e-07
22,1,15,18,-2.676e-07
22,1,15,19,-2.205e-07
22,1,15,21,-1.017e-07
22,1,16,16,-8.367e-06
22,1,16,17,-1.239e-06
22,1,16,18,-6.353e-07
22,1,16,19,-2.716e-07
22,1,16,20,-1.454e-07
22,1,16,21,-1.147e-07
22,1,17,17,-8.24e-06
22,1,17,18,-1.057e-06
22,1,17,19,-5.584e-07
22,1,17,20,-3.109e-07
22,1,17,21,-2.072e-07
22,1,18,18,-8.039e-06
22,1,18,19,-1.063e-06
22,1,18,20,-4.195e-07
22,1,18,21,-3.006e-07
22,1,19,19,-8.028e-06
22,1,19,20,-6.594e-07
22,1,19,21,-3.325e-07
22,1,20,20,-7.913e-06
22,1,20,21,-6.724e-07
23,1,1,1,-6.792e-06
23,1,1,2,-1.32e-06
23,1,1,3,-7.011e-07
23,1,1,4,-3.824e-07
23,1,1,5,-3.254e-07
23,1,1,6,-2.734e-07
23,1,1,7,-2.188e-07
23,1,1,8,-1.061e-07
23,1,1,9,-1.449e-07
23,1,1,16,-6.095e-08
23,1,1,18,5.714e-08
23,1,1,19,1.589e-07
23,1,1,20,1.521e-07
23,1,1,21,1.045e-07
23,1,2,2,-6.763e-06
23,1,2,3,-1.359e-06
23,1,2,4,-7.16e-07
23,1,2,5,-5.176e-07
23,1,2,6,-3.459e-07
23,1,2,7,-2.483e-07
23,1,2,8,-2.003e-07
23,1,2,9,6.65e-08
23,1,2,10,1.621e-07
23,1,2,11,7.527e-08
23,1,2,12,7.599e-08
23,1,2,14,5.065e-08
23,1,2,18,7.675e-08
23,1,2,19,1.679e-07
23,1,2,20,1.614e-07
23,1,2,21,1.108e-07
23,1,3,3,-6.848e-06
23,1,3,4,-1.347e-06
23,1,3,5,-7.599e-07
23,1,3,6,-4.579e-07
23,1,3,7,-2.893e-07
23,1,3,8,-1.952e-07
23,1,3,10,1.05e-07
23,1,3,11,5.316e-08
23,1,3,12,8.169e-08
23,1,3,14,6.653e-08
23,1,3,16,-6.249e-08
23,1,3,18,1.099e-07
23,1,3,20,1.299e-07
23,1,4,4,-6.782e-06
23,1,4,5,-1.51e-06
23,1,4,6,-8.613e-07
23,1,4,7,-6.773e-07
23,1,4,8,-4.389e-07
23,1,4,9,-7.653e-08
23,1,4,11,-1.096e-07
23,1,4,16,-9.078e-08
23,1,4,20,5.231e-08
23,1,4,21,5.105e-08
23,1,5,5,-7.158e-06
23,1,5,6,-1.33e-06
23,1,5,7,-8.082e-07
23,1,5,8,-5.308e-07
23,1,5,9,-3.456e-07
23,1,5,10,-2.227e-07
23,1,5,11,-2.256e-07
23,1,5,12,-1.185e-07
23,1,5,13,-2.618e-07
23,1,5,14,-1.55e-07
23,1,5,15,-1.505e-07
23,1,5,16,-1.828e-07
23,1,5,17,-1.762e-07
23,1,5,18,-1.28e-07
23,1,5,19,-8.955e-08
23,1,5,20,-5.524e-08
23,1,6,6,-7.002e-06
23,1,6,7,-1.04e-06
23,1,6,8,-7.141e-07
23,1,6,9,-5.607e-07
23,1,6,10,-3.134e-07
23,1,6,11,-1.999e-07
23,1,6,12,-1.523e-07
23,1,6,13,-1.505e-07
23,1,6,14,-7.915e-08
23,1,6,15,-9.302e-08
23,1,6,16,-8.404e-08
23,1,6,17,-1.209e-07
23,1,6,20,8.601e-08
23,1,7,7,-6.843e-06
23,1,7,8,-1.068e-06
23,1,7,9,-4.487e-07
23,1,7,10,-1.85e-07
23,1,7,11,-9.087e-08
23,1,7,12,-8.162e-08
23,1,7,13,-1.044e-07
23,1,7,15,-7.273e-08
23,1,7,16,-5.215e-08
23,1,7,17,-9.781e-08
23,1,7,20,5.916e-08
23,1,8,8,-6.868e-06
23,1,8,9,-7.766e-07
23,1,8,10,-2.987e-07
23,1,8,11,-1.574e-07
23,1,8,13,-1.849e-07
23,1,8,14,-8.662e-08
23,1,8,15,-9.697e-08
23,1,8,16,-1.398e-07
23,1,8,17,-1.428e-07
23,1,8,18,-1.022e-07
23,1,8,19,-6.663e-08
23,1,9,9,-6.521e-06
23,1,9,10,-5.612e-07
23,1,9,11,-1.58e-07
23,1,9,12,-7.308e-08
23,1,9,13,-1.739e-07
23,1,9,14,-6.626e-08
23,1,9,15,-8.198e-08
23,1,9,16,-1.018e-07
23,1,9,17,-9.499e-08
23,1,10,10,-6.523e-06
23,1,10,11,-6.36e-07
23,1,10,12,-3.574e-07
23,1,10,13,-3.038e-07
23,1,10,14,-1.901e-07
23,1,10,15,-1.296e-07
23,1,10,16,-1.677e-07
23,1,11,11,-6.757e-06
23,1,11,12,-9.515e-07
23,1,11,13,-6.31e-07
23,1,11,14,-3.552e-07
23,1,11,15,-2.76e-07
23,1,11,16,-2.019e-07
23,1,11,17,-2.05e-07
23,1,12,12,-6.557e-06
23,1,12,13,-1.051e-06
23,1,12,14,-4.609e-07
23,1,12,15,-2.914e-07
23,1,12,16,-2.649e-07
23,1,12,17,-2.316e-07
23,1,12,18,-1.86e-07
23,1,12,19,-1.117e-07
23,1,12,20,-7.868e-08
23,1,13,13,-6.67e-06
23,1,13,14,-1.131e-06
23,1,13,15,-5.546e-07
23,1,13,16,-3.636e-07
23,1,13,17,-1.801e-07
23,1,13,18,-1.013e-07
23,1,14,14,-6.587e-06
23,1,14,15,-1.141e-06
23,1,14,16,-6.063e-07
23,1,14,17,-2.9e-07
23,1,14,18,-1.476e-07
23,1,14,19,-9.554e-08
23,1,15,15,-6.622e-06
23,1,15,16,-1.106e-06
23,1,15,17,-6.729e-07
23,1,15,18,-2.873e-07
23,1,15,19,-2.423e-07
23,1,15,20,-7.734e-08
23,1,15,21,-1.386e-07
23,1,16,16,-6.957e-06
23,1,16,17,-1.206e-06
23,1,16,18,-6.339e-07
23,1,16,19,-3.839e-07
23,1,16,20,-2.324e-07
23,1,16,21,-1.639e-07
23,1,17,17,-6.84e-06
23,1,17,18,-1.054e-06
23,1,17,19,-5.684e-07
23,1,17,20,-2.475e-07
23,1,17,21,-2.258e-07
23,1,18,18,-6.638e-06
23,1,18,19,-1.002e-06
23,1,18,20,-4.463e-07
23,1,18,21,-2.547e-07
23,1,19,19,-6.655e-06
23,1,19,20,-6.77e-07
23,1,19,21,-3.168e-07
23,1,20,20,-6.48e-06
23,1,20,21,-6.193e-07
24,1,1,1,-5.762e-06
24,1,1,2,-1.234e-06
24,1,1,3,-6.863e-07
24,1,1,4,-3.897e-07
24,1,1,5,-3.452e-07
24,1,1,6,-2.86e-07
24,1,1,7,-2.198e-07
24,1,1,8,-1.142e-07
24,1,1,9,-1.351e-07
24,1,1,13,-1.338e-07
24,1,1,14,-9.906e-08
24,1,1,15,-6.891e-08
24,1,1,16,-1.251e-07
24,1,1,17,-1.865e-07
24,1,1,18,-8.919e-08
24,1,1,19,-9.435e-08
24,1,1,21,-5.62e-08
24,1,2,2,-5.888e-06
24,1,2,3,-1.354e-06
24,1,2,4,-7.468e-07
24,1,2,5,-5.555e-07
24,1,2,6,-3.943e-07
24,1,2,7,-2.406e-07
24,1,2,8,-1.53e-07
24,1,2,9,-1.282e-07
24,1,2,10,-8.542e-08
24,1,2,11,-8.356e-08
24,1,2,12,-5.428e-08
24,1,3,3,-5.916e-06
24,1,3,4,-1.316e-06
24,1,3,5,-7.62e-07
24,1,3,6,-4.837e-07
24,1,3,7,-3.531e-07
24,1,3,8,-2.157e-07
24,1,3,18,1.903e-07
24,1,3,19,1.069e-07
24,1,3,20,1.616e-07
24,1,4,4,-5.787e-06
24,1,4,5,-1.445e-06
24,1,4,6,-1.005e-06
24,1,4,7,-5.93e-07
24,1,4,8,-3.593e-07
24,1,4,11,-7.006e-08
24,1,4,16,-6.117e-08
24,1,4,17,-1.868e-07
24,1,4,18,7.232e-08
24,1,4,19,9.255e-08
24,1,4,20,8.851e-08
24,1,4,21,7.528e-08
24,1,5,5,-6.114e-06
24,1,5,6,-1.344e-06
24,1,5,7,-8.478e-07
24,1,5,8,-5.098e-07
24,1,5,9,-4.165e-07
24,1,5,10,-2.107e-07
24,1,5,11,-1.655e-07
24,1,5,12,-1.311e-07
24,1,5,13,-1.347e-07
24,1,5,14,-7.166e-08
24,1,5,15,-8.846e-08
24,1,5,16,-7.273e-08
24,1,5,17,-1.225e-07
24,1,5,20,1.05e-07
24,1,6,6,-5.919e-06
24,1,6,7,-1.167e-06
24,1,6,8,-6.711e-07
24,1,6,9,-1.621e-07
24,1,6,10,-7.222e-08
24,1,6,11,-1.256e-07
24,1,6,16,-8.295e-08
24,1,6,20,5.605e-08
24,1,6,21,6.081e-08
24,1,7,7,-5.81e-06
24,1,7,8,-1.015e-06
24,1,7,9,-3.8e-07
24,1,7,10,-1.689e-07
24,1,7,11,-1.187e-07
24,1,7,13,-1.913e-07
24,1,7,14,-1.081e-07
24,1,7,15,-1.108e-07
24,1,7,16,-1.016e-07
24,1,7,17,-1.493e-07
24,1,7,18,-1.181e-07
24,1,7,19,-7.115e-08
24,1,8,8,-5.812e-06
24,1,8,9,-7.284e-07
24,1,8,10,-4.549e-07
24,1,8,11,-3.646e-07
24,1,8,12,-1.621e-07
24,1,8,13,-1.502e-07
24,1,8,14,-6.814e-08
24,1,8,15,-7.548e-08
24,1,8,16,-1.552e-07
24,1,8,17,-2.061e-07
24,1,8,18,6.44e-08
24,1,8,20,1.237e-07
24,1,9,9,-5.477e-06
24,1,9,10,-4.842e-07
24,1,9,11,-1.431e-07
24,1,9,13,-1.434e-07
24,1,9,14,-8.326e-08
24,1,9,15,-6.182e-08
24,1,9,16,-1.22e-07
24,1,9,17,-1.926e-07
24,1,9,18,7.401e-08
24,1,9,19,8.245e-08
24,1,9,20,1.023e-07
24,1,9,21,8.037e-08
24,1,10,10,-5.493e-06
24,1,10,11,-5.83e-07
24,1,10,12,-3.258e-07
24,1,10,13,-3.386e-07
24,1,10,14,-2.103e-07
24,1,10,15,-1.501e-07
24,1,10,16,-2.882e-07
24,1,10,17,-2.936e-07
24,1,10,18,-1.853e-07
24,1,10,19,-1.453e-07
24,1,11,11,-5.726e-06
24,1,11,12,-8.705e-07
24,1,11,13,-6.121e-07
24,1,11,14,-3.872e-07
24,1,11,15,-2.653e-07
24,1,11,16,-1.816e-07
24,1,11,17,-1.303e-07
24,1,11,18,-9.325e-08
24,1,11,19,-7.057e-08
24,1,12,12,-5.552e-06
24,1,12,13,-9.501e-07
24,1,12,14,-4.58e-07
24,1,12,15,-2.661e-07
24,1,12,16,-2.511e-07
24,1,12,17,-9.304e-08
24,1,13,13,-5.667e-06
24,1,13,14,-1.021e-06
24,1,13,15,-5.473e-07
24,1,13,16,-4.154e-07
24,1,13,17,-1.967e-07
24,1,13,18,-5.199e-08
24,1,13,19,-6.141e-08
24,1,14,14,-5.614e-06
24,1,14,15,-1.028e-06
24,1,14,16,-5.896e-07
24,1,14,17,-2.737e-07
24,1,14,18,-1.172e-07
24,1,14,19,-7.339e-08
24,1,15,15,-5.62e-06
24,1,15,16,-1.013e-06
24,1,15,17,-6.754e-07
24,1,15,18,-3.717e-07
24,1,15,19,-2.826e-07
24,1,15,20,-1.117e-07
24,1,15,21,-1.256e-07
24,1,16,16,-5.954e-06
24,1,16,17,-1.171e-06
24,1,16,18,-5.768e-07
24,1,16,19,-4.132e-07
24,1,16,20,-1.631e-07
24,1,16,21,-1.956e-07
24,1,17,17,-5.851e-06
24,1,17,18,-1.0e-06
24,1,17,19,-4.986e-07
24,1,17,20,-2.968e-07
24,1,17,21,-2.088e-07
24,1,18,18,-5.581e-06
24,1,18,19,-9.726e-07
24,1,18,20,-4.97e-07
24,1,18,21,-2.98e-07
24,1,19,19,-5.621e-06
24,1,19,20,-5.95e-07
24,1,19,21,-3.36e-07
24,1,20,20,-5.437e-06
24,1,20,21,-5.623e-07
25,1,1,1,-7.189e-06
25,1,1,2,-1.366e-06
25,1,1,3,-7.149e-07
25,1,1,4,-4.129e-07
25,1,1,5,-3.582e-07
25,1,1,6,-2.675e-07
25,1,1,7,-1.651e-07
25,1,1,8,-2.376e-07
25,1,1,13,-1.415e-07
25,1,1,14,-5.786e-08
25,1,1,15,-7.275e-08
25,1,1,16,-1.287e-07
25,1,1,18,7.408e-08
25,1,1,19,1.291e-07
25,1,1,20,1.228e-07
25,1,1,21,7.937e-08
25,1,2,2,-7.301e-06
25,1,2,3,-1.471e-06
25,1,2,4,-7.722e-07
25,1,2,5,-5.576e-07
25,1,2,6,-4.243e-07
25,1,2,7,-3.095e-07
25,1,2,8,-1.765e-07
25,1,2,9,-1.829e-07
25,1,2,13,-1.347e-07
25,1,2,14,-1.062e-07
25,1,2,15,-7.497e-08
25,1,2,16,-1.054e-07
25,1,3,3,-7.172e-06
25,1,3,4,-1.364e-06
25,1,3,5,-7.544e-07
25,1,3,6,-4.68e-07
25,1,3,7,-3.255e-07
25,1,3,8,-2.457e-07
25,1,3,9,-1.175e-07
25,1,3,10,-7.614e-08
25,1,3,11,-1.069e-07
25,1,3,12,-5.151e-08
25,1,3,16,-7.944e-08
25,1,3,21,5.088e-08
25,1,4,4,-7.135e-06
25,1,4,5,-1.534e-06
25,1,4,6,-8.512e-07
25,1,4,7,-6.474e-07
25,1,4,8,-4.652e-07
25,1,4,9,-1.287e-07
25,1,4,11,-6.77e-08
25,1,4,16,-1.162e-07
25,1,4,18,7.852e-08
25,1,4,20,1.06e-07
25,1,5,5,-7.506e-06
25,1,5,6,-1.367e-06
25,1,5,7,-8.406e-07
25,1,5,8,-5.513e-07
25,1,5,9,-3.198e-07
25,1,5,10,-2.029e-07
25,1,5,11,-2.07e-07
25,1,5,12,-1.217e-07
25,1,5,13,-2.579e-07
25,1,5,14,-1.492e-07
25,1,5,15,-1.471e-07
25,1,5,16,-1.789e-07
25,1,5,17,-1.666e-07
25,1,5,18,-1.185e-07
25,1,5,19,-8.51e-08
25,1,5,20,-5.044e-08
25,1,6,6,-7.347e-06
25,1,6,7,-1.104e-06
25,1,6,8,-7.283e-07
25,1,6,9,-2.954e-07
25,1,6,10,-8.184e-08
25,1,6,11,-1.029e-07
25,1,6,13,-5.234e-08
25,1,6,16,-1.047e-07
25,1,6,18,8.483e-08
25,1,6,20,1.051e-07
25,1,7,7,-7.139e-06
25,1,7,8,-1.072e-06
25,1,7,9,-4.292e-07
25,1,7,10,-1.43e-07
25,1,7,11,-9.733e-08
25,1,7,13,-5.278e-08
25,1,7,16,-9.479e-08
25,1,7,18,9.292e-08
25,1,7,19,1.264e-07
25,1,7,20,1.29e-07
25,1,7,21,7.784e-08
25,1,8,8,-7.219e-06
25,1,8,9,-8.327e-07
25,1,8,10,-5.119e-07
25,1,8,11,-4.127e-07
25,1,8,12,-2.097e-07
25,1,8,13,-1.45e-07
25,1,8,14,-1.026e-07
25,1,8,15,-6.83e-08
25,1,8,16,-1.141e-07
25,1,8,17,-2.319e-07
25,1,8,19,6.8e-08
25,1,8,20,6.718e-08
25,1,8,21,6.635e-08
25,1,9,9,-6.847e-06
25,1,9,10,-5.832e-07
25,1,9,11,-1.425e-07
25,1,9,12,-1.132e-07
25,1,9,13,-5.475e-08
25,1,10,10,-6.885e-06
25,1,10,11,-6.6e-07
25,1,10,12,-3.906e-07
25,1,10,13,-3.931e-07
25,1,10,14,-2.047e-07
25,1,10,15,-1.819e-07
25,1,10,16,-1.462e-07
25,1,10,17,-1.014e-07
25,1,10,19,-6.229e-08
25,1,10,20,6.473e-08
25,1,11,11,-7.122e-06
25,1,11,12,-9.846e-07
25,1,11,13,-6.645e-07
25,1,11,14,-3.676e-07
25,1,11,15,-2.615e-07
25,1,11,16,-2.355e-07
25,1,11,17,-2.171e-07
25,1,11,20,1.01e-07
25,1,12,12,-6.897e-06
25,1,12,13,-1.059e-06
25,1,12,14,-4.904e-07
25,1,12,15,-3.049e-07
25,1,12,16,-2.868e-07
25,1,12,17,-1.201e-07
25,1,12,20,6.806e-08
25,1,13,13,-7.028e-06
25,1,13,14,-1.13e-06
25,1,13,15,-5.8e-07
25,1,13,16,-4.066e-07
25,1,13,17,-1.953e-07
25,1,13,18,-9.598e-08
25,1,13,19,-6.022e-08
25,1,14,14,-6.975e-06
25,1,14,15,-1.157e-06
25,1,14,16,-6.491e-07
25,1,14,17,-3.17e-07
25,1,14,18,-1.256e-07
25,1,14,19,-1.176e-07
25,1,15,15,-6.991e-06
25,1,15,16,-1.14e-06
25,1,15,17,-7.056e-07
25,1,15,18,-4.223e-07
25,1,15,19,-2.869e-07
25,1,15,20,-1.64e-07
25,1,15,21,-1.222e-07
25,1,16,16,-7.31e-06
25,1,16,17,-1.267e-06
25,1,16,18,-6.384e-07
25,1,16,19,-4.347e-07
25,1,16,20,-2.033e-07
25,1,16,21,-2.116e-07
25,1,17,17,-7.189e-06
25,1,17,18,-1.109e-06
25,1,17,19,-5.646e-07
25,1,17,20,-3.083e-07
25,1,17,21,-2.022e-07
25,1,18,18,-6.993e-06
25,1,18,19,-1.05e-06
25,1,18,20,-4.339e-07
25,1,18,21,-3.01e-07
25,1,19,19,-6.992e-06
25,1,19,20,-6.866e-07
25,1,19,21,-3.293e-07
25,1,20,20,-6.847e-06
25,1,20,21,-6.632e-07
26,1,1,1,-6.814e-06
26,1,1,2,-1.359e-06
26,1,1,3,-7.051e-07
26,1,1,4,-4.085e-07
26,1,1,5,-3.654e-07
26,1,1,6,-2.654e-07
26,1,1,7,-1.856e-07
26,1,1,8,-1.528e-07
26,1,1,9,9.396e-08
26,1,1,10,1.645e-07
26,1,1,11,7.455e-08
26,1,1,12,7.865e-08
26,1,1,14,5.616e-08
26,1,1,18,9.016e-08
26,1,1,19,1.515e-07
26,1,2,2,-6.956e-06
26,1,2,3,-1.464e-06
26,1,2,4,-7.648e-07
26,1,2,5,-5.493e-07
26,1,2,6,-4.133e-07
26,1,2,7,-1.913e-07
26,1,2,8,-1.972e-07
26,1,3,3,-6.845e-06
26,1,3,4,-1.364e-06
26,1,3,5,-7.664e-07
26,1,3,6,-4.732e-07
26,1,3,7,-3.339e-07
26,1,3,8,-2.544e-07
26,1,3,9,-1.298e-07
26,1,3,10,-7.605e-08
26,1,3,11,-1.102e-07
26,1,3,16,-7.937e-08
26,1,3,20,5.545e-08
26,1,3,21,5.363e-08
26,1,4,4,-6.805e-06
26,1,4,5,-1.541e-06
26,1,4,6,-8.521e-07
26,1,4,7,-6.49e-07
26,1,4,8,-4.657e-07
26,1,4,9,-1.269e-07
26,1,4,11,-7.226e-08
26,1,4,16,-1.187e-07
26,1,4,18,7.674e-08
26,1,4,20,1.042e-07
26,1,5,5,-7.158e-06
26,1,5,6,-1.357e-06
26,1,5,7,-8.428e-07
26,1,5,8,-5.499e-07
26,1,5,9,-2.039e-07
26,1,5,10,-6.21e-08
26,1,5,11,-7.3e-08
26,1,5,13,-5.195e-08
26,1,5,16,-1.013e-07
26,1,5,18,8.754e-08
26,1,5,19,1.249e-07
26,1,5,20,1.23e-07
26,1,5,21,7.355e-08
26,1,6,6,-7.007e-06
26,1,6,7,-1.076e-06
26,1,6,8,-6.925e-07
26,1,6,9,-3.196e-07
26,1,6,10,-1.071e-07
26,1,6,11,-8.865e-08
26,1,6,13,-7.423e-08
26,1,6,16,-7.891e-08
26,1,6,19,1.571e-07
26,1,6,20,1.486e-07
26,1,6,21,1.019e-07
26,1,7,7,-6.823e-06
26,1,7,8,-1.051e-06
26,1,7,9,-4.076e-07
26,1,7,10,-1.281e-07
26,1,7,11,-9.241e-08
26,1,7,13,-1.66e-07
26,1,7,14,-1.22e-07
26,1,7,15,-8.623e-08
26,1,7,16,-1.07e-07
26,1,8,8,-6.886e-06
26,1,8,9,-8.205e-07
26,1,8,10,-5.151e-07
26,1,8,11,-4.105e-07
26,1,8,12,-2.047e-07
26,1,8,13,-1.466e-07
26,1,8,14,-1.005e-07
26,1,8,15,-7.05e-08
26,1,8,16,-1.238e-07
26,1,8,17,-2.403e-07
26,1,8,19,6.442e-08
26,1,8,20,6.985e-08
26,1,8,21,6.299e-08
26,1,9,9,-6.507e-06
26,1,9,10,-5.81e-07
26,1,9,11,-1.527e-07
26,1,9,12,-1.229e-07
26,1,9,13,-6.362e-08
26,1,10,10,-6.524e-06
26,1,10,11,-6.702e-07
26,1,10,12,-3.733e-07
26,1,10,13,-3.97e-07
26,1,10,14,-2.096e-07
26,1,10,15,-1.91e-07
26,1,10,16,-1.4e-07
26,1,10,17,-1.156e-07
26,1,10,19,-8.745e-08
26,1,10,21,-5.751e-08
26,1,11,11,-6.744e-06
26,1,11,12,-9.815e-07
26,1,11,13,-6.498e-07
26,1,11,14,-3.365e-07
26,1,11,15,-2.276e-07
26,1,11,16,-2.375e-07
26,1,11,17,-1.017e-07
26,1,11,20,8.106e-08
26,1,12,12,-6.55e-06
26,1,12,13,-1.069e-06
26,1,12,14,-4.811e-07
26,1,12,15,-2.967e-07
26,1,12,16,-2.813e-07
26,1,12,17,-2.864e-07
26,1,12,20,9.668e-08
26,1,13,13,-6.665e-06
26,1,13,14,-1.146e-06
26,1,13,15,-5.711e-07
26,1,13,16,-4.083e-07
26,1,13,17,-1.925e-07
26,1,13,18,-8.645e-08
26,1,13,19,-5.637e-08
26,1,14,14,-6.604e-06
26,1,14,15,-1.178e-06
26,1,14,16,-6.392e-07
26,1,14,17,-3.117e-07
26,1,14,18,-1.234e-07
26,1,14,19,-1.073e-07
26,1,15,15,-6.618e-06
26,1,15,16,-1.112e-06
26,1,15,17,-6.863e-07
26,1,15,18,-3.107e-07
26,1,15,19,-2.344e-07
26,1,15,20,-1.011e-07
26,1,15,21,-1.294e-07
26,1,16,16,-6.989e-06
26,1,16,17,-1.247e-06
26,1,16,18,-6.229e-07
26,1,16,19,-4.234e-07
26,1,16,20,-2.015e-07
26,1,16,21,-2.032e-07
26,1,17,17,-6.864e-06
26,1,17,18,-1.098e-06
26,1,17,19,-5.518e-07
26,1,17,20,-2.982e-07
26,1,17,21,-2.003e-07
26,1,18,18,-6.658e-06
26,1,18,19,-1.043e-06
26,1,18,20,-4.334e-07
26,1,18,21,-3.015e-07
26,1,19,19,-6.629e-06
26,1,19,20,-6.826e-07
26,1,19,21,-3.337e-07
26,1,20,20,-6.485e-06
26,1,20,21,-6.597e-07
27,1,1,1,-7.536e-06
27,1,1,2,-1.487e-06
27,1,1,3,-7.181e-07
27,1,1,4,-4.11e-07
27,1,1,5,-3.587e-07
27,1,1,6,-2.664e-07
27,1,1,7,-1.666e-07
27,1,1,8,-1.314e-07
27,1,1,11,-6.629e-08
27,1,1,13,-1.679e-07
27,1,1,14,-9.003e-08
27,1,1,15,-9.419e-08
27,1,1,16,-1.138e-07
27,1,1,17,-1.445e-07
27,1,1,18,7.063e-08
27,1,1,20,1.079e-07
27,1,2,2,-7.61e-06
27,1,2,3,-1.587e-06
27,1,2,4,-7.747e-07
27,1,2,5,-5.578e-07
27,1,2,6,-4.232e-07
27,1,2,7,-3.066e-07
27,1,2,8,-1.741e-07
27,1,2,9,-1.802e-07
27,1,2,13,-1.475e-07
27,1,2,14,-1.147e-07
27,1,2,15,-8.359e-08
27,1,2,16,-1.064e-07
27,1,3,3,-7.459e-06
27,1,3,4,-1.48e-06
27,1,3,5,-7.782e-07
27,1,3,6,-4.681e-07
27,1,3,7,-3.26e-07
27,1,3,8,-2.467e-07
27,1,3,9,-1.211e-07
27,1,3,10,-7.626e-08
27,1,3,11,-1.067e-07
27,1,3,12,-5.143e-08
27,1,3,16,-7.947e-08
27,1,3,21,5.099e-08
27,1,4,4,-7.422e-06
27,1,4,5,-1.652e-06
27,1,4,6,-8.478e-07
27,1,4,7,-6.466e-07
27,1,4,8,-4.64e-07
27,1,4,9,-1.274e-07
27,1,4,11,-6.828e-08
27,1,4,16,-1.167e-07
27,1,4,18,7.814e-08
27,1,4,20,1.055e-07
27,1,5,5,-7.789e-06
27,1,5,6,-1.424e-06
27,1,5,7,-8.345e-07
27,1,5,8,-5.503e-07
27,1,5,9,-2.058e-07
27,1,5,10,-6.629e-08
27,1,5,11,-7.188e-08
27,1,5,16,-1.066e-07
27,1,5,18,8.952e-08
27,1,5,20,1.17e-07
27,1,6,6,-7.679e-06
27,1,6,7,-1.188e-06
27,1,6,8,-7.132e-07
27,1,6,9,-1.08e-07
27,1,7,7,-7.444e-06
27,1,7,8,-1.164e-06
27,1,7,9,-4.198e-07
27,1,7,10,-1.395e-07
27,1,7,11,-9.51e-08
27,1,7,16,-9.653e-08
27,1,7,18,9.41e-08
27,1,7,20,1.198e-07
27,1,8,8,-7.509e-06
27,1,8,9,-9.336e-07
27,1,8,10,-5.197e-07
27,1,8,11,-4.134e-07
27,1,8,12,-2.073e-07
27,1,8,13,-1.446e-07
27,1,8,14,-1.015e-07
27,1,8,15,-6.842e-08
27,1,8,16,-1.162e-07
27,1,8,17,-2.34e-07
27,1,8,19,6.708e-08
27,1,8,20,6.757e-08
27,1,8,21,6.555e-08
27,1,9,9,-7.131e-06
27,1,9,10,-6.92e-07
27,1,9,11,-1.307e-07
27,1,9,12,-1.165e-07
27,1,9,13,-5.55e-08
27,1,10,10,-7.156e-06
27,1,10,11,-7.768e-07
27,1,10,12,-3.849e-07
27,1,10,13,-3.939e-07
27,1,10,14,-2.042e-07
27,1,10,15,-1.828e-07
27,1,10,16,-1.42e-07
27,1,10,17,-1.06e-07
27,1,10,19,-7.175e-08
27,1,10,20,5.616e-08
27,1,11,11,-7.387e-06
27,1,11,12,-1.107e-06
27,1,11,13,-6.687e-07
27,1,11,14,-3.623e-07
27,1,11,15,-2.527e-07
27,1,11,16,-2.361e-07
27,1,11,17,-2.207e-07
27,1,11,20,8.668e-08
27,1,12,12,-7.158e-06
27,1,12,13,-1.186e-06
27,1,12,14,-4.918e-07
27,1,12,15,-3.027e-07
27,1,12,16,-2.845e-07
27,1,12,17,-1.174e-07
27,1,12,20,7.0e-08
27,1,13,13,-7.279e-06
27,1,13,14,-1.264e-06
27,1,13,15,-5.833e-07
27,1,13,16,-4.06e-07
27,1,13,17,-1.933e-07
27,1,13,18,-9.28e-08
27,1,13,19,-5.882e-08
27,1,14,14,-7.218e-06
27,1,14,15,-1.294e-06
27,1,14,16,-6.44e-07
27,1,14,17,-3.145e-07
27,1,14,18,-1.238e-07
27,1,14,19,-1.144e-07
27,1,15,15,-7.232e-06
27,1,15,16,-1.227e-06
27,1,15,17,-6.967e-07
27,1,15,18,-4.174e-07
27,1,15,19,-2.837e-07
27,1,15,20,-1.591e-07
27,1,15,21,-1.2e-07
27,1,16,16,-7.609e-06
27,1,16,17,-1.367e-06
27,1,16,18,-6.331e-07
27,1,16,19,-4.316e-07
27,1,16,20,-2.018e-07
27,1,16,21,-2.087e-07
27,1,17,17,-7.477e-06
27,1,17,18,-1.217e-06
27,1,17,19,-5.624e-07
27,1,17,20,-3.06e-07
27,1,17,21,-2.005e-07
27,1,18,18,-7.273e-06
27,1,18,19,-1.164e-06
27,1,18,20,-4.401e-07
27,1,18,21,-3.024e-07
27,1,19,19,-7.262e-06
27,1,19,20,-7.967e-07
27,1,19,21,-3.332e-07
27,1,20,20,-7.12e-06
27,1,20,21,-7.778e-07
28,1,1,1,-7.591e-06
28,1,1,2,-1.412e-06
28,1,1,3,-7.165e-07
28,1,1,4,-4.176e-07
28,1,1,5,-3.516e-07
28,1,1,6,-2.644e-07
28,1,1,7,-1.633e-07
28,1,1,8,-1.14e-07
28,1,1,9,1.072e-07
28,1,1,10,1.843e-07
28,1,1,11,9.299e-08
28,1,1,12,8.668e-08
28,1,1,14,5.772e-08
28,1,1,17,-6.854e-08
28,1,2,2,-7.663e-06
28,1,2,3,-1.514e-06
28,1,2,4,-7.7e-07
28,1,2,5,-5.444e-07
28,1,2,6,-4.121e-07
28,1,2,7,-3.067e-07
28,1,2,8,-1.648e-07
28,1,2,9,-1.827e-07
28,1,2,10,-5.801e-08
28,1,2,11,-5.45e-08
28,1,2,13,-1.485e-07
28,1,2,14,-1.048e-07
28,1,2,15,-8.164e-08
28,1,2,16,-1.29e-07
28,1,2,17,-1.832e-07
28,1,2,18,-8.003e-08
28,1,2,19,-9.695e-08
28,1,2,21,-6.518e-08
28,1,3,3,-7.508e-06
28,1,3,4,-1.401e-06
28,1,3,5,-7.438e-07
28,1,3,6,-4.575e-07
28,1,3,7,-3.039e-07
28,1,3,8,-2.16e-07
28,1,3,10,9.68e-08
28,1,3,12,7.464e-08
28,1,3,14,5.742e-08
28,1,3,16,-6.739e-08
28,1,3,18,1.046e-07
28,1,3,19,1.386e-07
28,1,3,20,1.36e-07
28,1,3,21,8.34e-08
28,1,4,4,-7.474e-06
28,1,4,5,-1.565e-06
28,1,4,6,-8.429e-07
28,1,4,7,-4.998e-07
28,1,4,8,-5.24e-07
28,1,4,9,-4.354e-07
28,1,4,10,-3.08e-07
28,1,4,11,-2.243e-07
28,1,4,12,-1.842e-07
28,1,4,13,-1.451e-07
28,1,4,14,-1.145e-07
28,1,4,15,-9.414e-08
28,1,4,16,-7.067e-08
28,1,4,17,-6.153e-08
28,1,5,5,-7.856e-06
28,1,5,6,-1.385e-06
28,1,5,7,-8.232e-07
28,1,5,8,-5.37e-07
28,1,5,9,-1.899e-07
28,1,5,11,-6.794e-08
28,1,5,13,-6.163e-08
28,1,5,16,-8.015e-08
28,1,5,17,-1.219e-07
28,1,5,18,-9.39e-08
28,1,5,19,-5.469e-08
28,1,6,6,-7.715e-06
28,1,6,7,-1.16e-06
28,1,6,8,-7.549e-07
28,1,6,9,-4.866e-07
28,1,6,10,-2.948e-07
28,1,6,11,-2.297e-07
28,1,6,12,-1.496e-07
28,1,6,13,-1.259e-07
28,1,6,14,-8.848e-08
28,1,6,15,-7.571e-08
28,1,6,16,-6.679e-08
28,1,7,7,-7.47e-06
28,1,7,8,-1.115e-06
28,1,7,9,-4.357e-07
28,1,7,10,-1.522e-07
28,1,7,11,-8.904e-08
28,1,7,13,-7.601e-08
28,1,7,15,-5.066e-08
28,1,7,16,-6.132e-08
28,1,7,19,1.64e-07
28,1,7,20,1.698e-07
28,1,7,21,1.345e-07
28,1,8,8,-7.558e-06
28,1,8,9,-8.721e-07
28,1,8,10,-5.092e-07
28,1,8,11,-4.115e-07
28,1,8,12,-2.075e-07
28,1,8,13,-3.363e-07
28,1,8,14,-1.929e-07
28,1,8,15,-1.917e-07
28,1,8,16,-1.529e-07
28,1,8,17,-1.657e-07
28,1,8,19,-5.362e-08
28,1,8,21,-5.3e-08
28,1,9,9,-7.19e-06
28,1,9,10,-6.185e-07
28,1,9,11,-1.218e-07
28,1,9,12,-8.653e-08
28,1,9,13,-1.819e-07
28,1,9,14,-8.797e-08
28,1,9,15,-8.828e-08
28,1,9,16,-1.274e-07
28,1,9,17,-1.332e-07
28,1,9,18,-9.219e-08
28,1,9,19,-5.935e-08
28,1,10,10,-7.24e-06
28,1,10,11,-6.899e-07
28,1,10,12,-3.957e-07
28,1,10,13,-3.75e-07
28,1,10,14,-2.0e-07
28,1,10,15,-1.729e-07
28,1,10,16,-1.619e-07
28,1,10,17,-7.905e-08
28,1,10,20,6.228e-08
28,1,11,11,-7.485e-06
28,1,11,12,-1.025e-06
28,1,11,13,-6.682e-07
28,1,11,14,-3.813e-07
28,1,11,15,-2.893e-07
28,1,11,16,-2.085e-07
28,1,11,17,-1.497e-07
28,1,11,18,-5.06e-08
28,1,11,19,1.123e-07
28,1,11,20,1.386e-07
28,1,11,21,1.032e-07
28,1,12,12,-7.236e-06
28,1,12,13,-1.089e-06
28,1,12,14,-4.84e-07
28,1,12,15,-3.058e-07
28,1,12,16,-2.819e-07
28,1,12,17,-1.254e-07
28,1,12,19,-5.08e-08
28,1,12,20,7.023e-08
28,1,13,13,-7.378e-06
28,1,13,14,-1.159e-06
28,1,13,15,-5.773e-07
28,1,13,16,-3.9e-07
28,1,13,17,-1.911e-07
28,1,13,18,-1.055e-07
28,1,13,19,-5.278e-08
28,1,14,14,-7.33e-06
28,1,14,15,-1.183e-06
28,1,14,16,-6.471e-07
28,1,14,17,-3.18e-07
28,1,14,18,-1.225e-07
28,1,14,19,-1.284e-07
28,1,14,21,-5.083e-08
28,1,15,15,-7.347e-06
28,1,15,16,-1.191e-06
28,1,15,17,-7.081e-07
28,1,15,18,-3.054e-07
28,1,15,19,-2.496e-07
28,1,15,20,-1.005e-07
28,1,15,21,-1.524e-07
28,1,16,16,-7.641e-06
28,1,16,17,-1.314e-06
28,1,16,18,-6.35e-07
28,1,16,19,-4.36e-07
28,1,16,20,-1.886e-07
28,1,16,21,-2.136e-07
28,1,17,17,-7.521e-06
28,1,17,18,-1.152e-06
28,1,17,19,-5.615e-07
28,1,17,20,-3.119e-07
28,1,17,21,-1.932e-07
28,1,18,18,-7.33e-06
28,1,18,19,-1.09e-06
28,1,18,20,-4.223e-07
28,1,18,21,-2.972e-07
28,1,19,19,-7.34e-06
28,1,19,20,-7.241e-07
28,1,19,21,-3.18e-07
28,1,20,20,-7.202e-06
28,1,20,21,-7.003e-07
29,1,1,1,-5.895e-06
29,1,1,2,-1.34e-06
29,1,1,3,-7.045e-07
29,1,1,4,-4.127e-07
29,1,1,5,-3.585e-07
29,1,1,6,-2.462e-07
29,1,1,7,-1.774e-07
29,1,1,8,-1.333e-07
29,1,1,11,-8.822e-08
29,1,1,16,-8.041e-08
29,1,1,20,5.752e-08
29,1,1,21,5.995e-08
29,1,2,2,-5.886e-06
29,1,2,3,-1.452e-06
29,1,2,4,-7.305e-07
29,1,2,5,-4.345e-07
29,1,2,6,-3.183e-07
29,1,2,7,-2.532e-07
29,1,2,8,-1.979e-07
29,1,2,9,-9.639e-08
29,1,2,11,-8.846e-08
29,1,2,13,-1.77e-07
29,1,2,14,-8.88e-08
29,1,2,15,-1.002e-07
29,1,2,16,-1.012e-07
29,1,2,17,-8.965e-08
29,1,2,20,6.799e-08
29,1,3,3,-5.94e-06
29,1,3,4,-1.36e-06
29,1,3,5,-7.832e-07
29,1,3,6,-4.833e-07
29,1,3,7,-3.566e-07
29,1,3,8,-2.732e-07
29,1,3,9,-1.504e-07
29,1,3,10,-8.499e-08
29,1,3,11,-1.048e-07
29,1,3,13,-1.969e-07
29,1,3,14,-1.093e-07
29,1,3,15,-1.079e-07
29,1,3,16,-1.424e-07
29,1,3,17,-1.361e-07
29,1,3,18,-9.2e-08
29,1,3,19,-5.572e-08
29,1,4,4,-5.897e-06
29,1,4,5,-1.544e-06
29,1,4,6,-8.616e-07
29,1,4,7,-6.51e-07
29,1,4,8,-5.393e-07
29,1,4,9,-3.012e-07
29,1,4,10,-2.018e-07
29,1,4,11,-1.479e-07
29,1,4,12,-1.261e-07
29,1,4,13,-1.066e-07
29,1,4,14,-7.862e-08
29,1,4,15,-7.151e-08
29,1,4,16,-5.434e-08
29,1,4,17,-5.263e-08
29,1,5,5,-6.229e-06
29,1,5,6,-1.419e-06
29,1,5,7,-8.265e-07
29,1,5,8,-5.981e-07
29,1,5,9,-5.318e-07
29,1,5,10,-2.998e-07
29,1,5,11,-2.481e-07
29,1,5,12,-1.121e-07
29,1,5,13,-2.613e-07
29,1,5,14,-1.985e-07
29,1,5,15,-1.463e-07
29,1,5,16,-1.536e-07
29,1,5,17,-5.91e-08
29,1,6,6,-6.041e-06
29,1,6,7,-1.115e-06
29,1,6,8,-7.077e-07
29,1,6,9,-2.479e-07
29,1,6,10,-7.53e-08
29,1,6,11,-1.144e-07
29,1,6,16,-1.181e-07
29,1,6,17,-1.796e-07
29,1,6,18,8.468e-08
29,1,6,20,1.354e-07
29,1,7,7,-5.898e-06
29,1,7,8,-1.067e-06
29,1,7,9,-3.889e-07
29,1,7,10,-1.117e-07
29,1,7,11,-7.409e-08
29,1,7,13,-1.415e-07
29,1,7,14,-9.346e-08
29,1,7,15,-6.343e-08
29,1,7,16,-1.239e-07
29,1,7,17,-1.862e-07
29,1,7,18,-9.394e-08
29,1,7,19,-1.008e-07
29,1,7,21,-6.781e-08
29,1,8,8,-5.962e-06
29,1,8,9,-8.289e-07
29,1,8,10,-5.241e-07
29,1,8,11,-4.059e-07
29,1,8,12,-1.953e-07
29,1,8,13,-1.441e-07
29,1,8,14,-9.292e-08
29,1,8,15,-6.91e-08
29,1,8,16,-1.32e-07
29,1,9,9,-5.588e-06
29,1,9,10,-5.88e-07
29,1,9,11,-1.698e-07
29,1,9,12,-1.269e-07
29,1,9,13,-7.213e-08
29,1,10,10,-5.59e-06
29,1,10,11,-6.845e-07
29,1,10,12,-3.474e-07
29,1,10,13,-1.924e-07
29,1,10,14,-1.111e-07
29,1,10,15,-6.909e-08
29,1,10,16,-1.199e-07
29,1,10,21,5.513e-08
29,1,11,11,-5.807e-06
29,1,11,12,-9.691e-07
29,1,11,13,-6.2e-07
29,1,11,14,-3.296e-07
29,1,11,15,-2.617e-07
29,1,11,16,-2.657e-07
29,1,11,17,-1.239e-07
29,1,11,19,-5.387e-08
29,1,11,20,7.122e-08
29,1,12,12,-5.66e-06
29,1,12,13,-1.054e-06
29,1,12,14,-4.701e-07
29,1,12,15,-2.807e-07
29,1,12,16,-2.71e-07
29,1,12,17,-2.804e-07
29,1,12,20,1.044e-07
29,1,13,13,-5.762e-06
29,1,13,14,-1.122e-06
29,1,13,15,-5.58e-07
29,1,13,16,-4.068e-07
29,1,13,17,-1.829e-07
29,1,13,18,-6.622e-08
29,1,14,14,-5.708e-06
29,1,14,15,-1.154e-06
29,1,14,16,-6.282e-07
29,1,14,17,-3.002e-07
29,1,14,18,-1.16e-07
29,1,14,19,-8.406e-08
29,1,15,15,-5.716e-06
29,1,15,16,-1.116e-06
29,1,15,17,-6.692e-07
29,1,15,18,-2.926e-07
29,1,15,19,-1.983e-07
29,1,15,20,-5.8e-08
29,1,15,21,-1.188e-07
29,1,16,16,-6.056e-06
29,1,16,17,-1.244e-06
29,1,16,18,-5.992e-07
29,1,16,19,-3.879e-07
29,1,16,20,-1.796e-07
29,1,16,21,-1.743e-07
29,1,17,17,-5.956e-06
29,1,17,18,-1.095e-06
29,1,17,19,-5.372e-07
29,1,17,20,-2.774e-07
29,1,17,21,-1.913e-07
29,1,18,18,-5.73e-06
29,1,18,19,-1.03e-06
29,1,18,20,-4.413e-07
29,1,18,21,-3.221e-07
29,1,19,19,-5.687e-06
29,1,19,20,-7.021e-07
29,1,19,21,-3.069e-07
29,1,20,20,-5.54e-06
29,1,20,21,-6.567e-07
